"Absolute way";"Relative way";"Class"
"E:/dataset/random_dataset/02310.jpg";"..\..\dataset\random_dataset\02310.jpg";"polarbears"
"E:/dataset/random_dataset/00744.jpg";"..\..\dataset\random_dataset\00744.jpg";"polarbears"
"E:/dataset/random_dataset/05928.jpg";"..\..\dataset\random_dataset\05928.jpg";"polarbears"
"E:/dataset/random_dataset/09210.jpg";"..\..\dataset\random_dataset\09210.jpg";"polarbears"
"E:/dataset/random_dataset/05767.jpg";"..\..\dataset\random_dataset\05767.jpg";"polarbears"
"E:/dataset/random_dataset/04325.jpg";"..\..\dataset\random_dataset\04325.jpg";"polarbears"
"E:/dataset/random_dataset/00722.jpg";"..\..\dataset\random_dataset\00722.jpg";"polarbears"
"E:/dataset/random_dataset/00630.jpg";"..\..\dataset\random_dataset\00630.jpg";"polarbears"
"E:/dataset/random_dataset/00533.jpg";"..\..\dataset\random_dataset\00533.jpg";"polarbears"
"E:/dataset/random_dataset/06785.jpg";"..\..\dataset\random_dataset\06785.jpg";"polarbears"
"E:/dataset/random_dataset/09667.jpg";"..\..\dataset\random_dataset\09667.jpg";"polarbears"
"E:/dataset/random_dataset/00939.jpg";"..\..\dataset\random_dataset\00939.jpg";"polarbears"
"E:/dataset/random_dataset/06530.jpg";"..\..\dataset\random_dataset\06530.jpg";"polarbears"
"E:/dataset/random_dataset/05035.jpg";"..\..\dataset\random_dataset\05035.jpg";"polarbears"
"E:/dataset/random_dataset/03829.jpg";"..\..\dataset\random_dataset\03829.jpg";"polarbears"
"E:/dataset/random_dataset/05992.jpg";"..\..\dataset\random_dataset\05992.jpg";"polarbears"
"E:/dataset/random_dataset/05278.jpg";"..\..\dataset\random_dataset\05278.jpg";"polarbears"
"E:/dataset/random_dataset/00609.jpg";"..\..\dataset\random_dataset\00609.jpg";"polarbears"
"E:/dataset/random_dataset/07556.jpg";"..\..\dataset\random_dataset\07556.jpg";"polarbears"
"E:/dataset/random_dataset/05984.jpg";"..\..\dataset\random_dataset\05984.jpg";"polarbears"
"E:/dataset/random_dataset/09782.jpg";"..\..\dataset\random_dataset\09782.jpg";"polarbears"
"E:/dataset/random_dataset/01843.jpg";"..\..\dataset\random_dataset\01843.jpg";"polarbears"
"E:/dataset/random_dataset/07970.jpg";"..\..\dataset\random_dataset\07970.jpg";"polarbears"
"E:/dataset/random_dataset/05190.jpg";"..\..\dataset\random_dataset\05190.jpg";"polarbears"
"E:/dataset/random_dataset/05727.jpg";"..\..\dataset\random_dataset\05727.jpg";"polarbears"
"E:/dataset/random_dataset/05013.jpg";"..\..\dataset\random_dataset\05013.jpg";"polarbears"
"E:/dataset/random_dataset/09263.jpg";"..\..\dataset\random_dataset\09263.jpg";"polarbears"
"E:/dataset/random_dataset/09549.jpg";"..\..\dataset\random_dataset\09549.jpg";"polarbears"
"E:/dataset/random_dataset/06303.jpg";"..\..\dataset\random_dataset\06303.jpg";"polarbears"
"E:/dataset/random_dataset/06622.jpg";"..\..\dataset\random_dataset\06622.jpg";"polarbears"
"E:/dataset/random_dataset/08835.jpg";"..\..\dataset\random_dataset\08835.jpg";"polarbears"
"E:/dataset/random_dataset/08984.jpg";"..\..\dataset\random_dataset\08984.jpg";"polarbears"
"E:/dataset/random_dataset/07258.jpg";"..\..\dataset\random_dataset\07258.jpg";"polarbears"
"E:/dataset/random_dataset/04218.jpg";"..\..\dataset\random_dataset\04218.jpg";"polarbears"
"E:/dataset/random_dataset/02204.jpg";"..\..\dataset\random_dataset\02204.jpg";"polarbears"
"E:/dataset/random_dataset/05907.jpg";"..\..\dataset\random_dataset\05907.jpg";"polarbears"
"E:/dataset/random_dataset/03690.jpg";"..\..\dataset\random_dataset\03690.jpg";"polarbears"
"E:/dataset/random_dataset/04673.jpg";"..\..\dataset\random_dataset\04673.jpg";"polarbears"
"E:/dataset/random_dataset/05988.jpg";"..\..\dataset\random_dataset\05988.jpg";"polarbears"
"E:/dataset/random_dataset/06507.jpg";"..\..\dataset\random_dataset\06507.jpg";"polarbears"
"E:/dataset/random_dataset/05305.jpg";"..\..\dataset\random_dataset\05305.jpg";"polarbears"
"E:/dataset/random_dataset/02802.jpg";"..\..\dataset\random_dataset\02802.jpg";"polarbears"
"E:/dataset/random_dataset/05062.jpg";"..\..\dataset\random_dataset\05062.jpg";"polarbears"
"E:/dataset/random_dataset/08754.jpg";"..\..\dataset\random_dataset\08754.jpg";"polarbears"
"E:/dataset/random_dataset/08976.jpg";"..\..\dataset\random_dataset\08976.jpg";"polarbears"
"E:/dataset/random_dataset/07529.jpg";"..\..\dataset\random_dataset\07529.jpg";"polarbears"
"E:/dataset/random_dataset/06469.jpg";"..\..\dataset\random_dataset\06469.jpg";"polarbears"
"E:/dataset/random_dataset/08262.jpg";"..\..\dataset\random_dataset\08262.jpg";"polarbears"
"E:/dataset/random_dataset/07264.jpg";"..\..\dataset\random_dataset\07264.jpg";"polarbears"
"E:/dataset/random_dataset/08278.jpg";"..\..\dataset\random_dataset\08278.jpg";"polarbears"
"E:/dataset/random_dataset/05503.jpg";"..\..\dataset\random_dataset\05503.jpg";"polarbears"
"E:/dataset/random_dataset/08777.jpg";"..\..\dataset\random_dataset\08777.jpg";"polarbears"
"E:/dataset/random_dataset/07751.jpg";"..\..\dataset\random_dataset\07751.jpg";"polarbears"
"E:/dataset/random_dataset/00791.jpg";"..\..\dataset\random_dataset\00791.jpg";"polarbears"
"E:/dataset/random_dataset/08160.jpg";"..\..\dataset\random_dataset\08160.jpg";"polarbears"
"E:/dataset/random_dataset/02872.jpg";"..\..\dataset\random_dataset\02872.jpg";"polarbears"
"E:/dataset/random_dataset/04926.jpg";"..\..\dataset\random_dataset\04926.jpg";"polarbears"
"E:/dataset/random_dataset/05658.jpg";"..\..\dataset\random_dataset\05658.jpg";"polarbears"
"E:/dataset/random_dataset/05611.jpg";"..\..\dataset\random_dataset\05611.jpg";"polarbears"
"E:/dataset/random_dataset/02520.jpg";"..\..\dataset\random_dataset\02520.jpg";"polarbears"
"E:/dataset/random_dataset/01650.jpg";"..\..\dataset\random_dataset\01650.jpg";"polarbears"
"E:/dataset/random_dataset/04651.jpg";"..\..\dataset\random_dataset\04651.jpg";"polarbears"
"E:/dataset/random_dataset/04275.jpg";"..\..\dataset\random_dataset\04275.jpg";"polarbears"
"E:/dataset/random_dataset/09402.jpg";"..\..\dataset\random_dataset\09402.jpg";"polarbears"
"E:/dataset/random_dataset/07872.jpg";"..\..\dataset\random_dataset\07872.jpg";"polarbears"
"E:/dataset/random_dataset/00434.jpg";"..\..\dataset\random_dataset\00434.jpg";"polarbears"
"E:/dataset/random_dataset/03422.jpg";"..\..\dataset\random_dataset\03422.jpg";"polarbears"
"E:/dataset/random_dataset/00516.jpg";"..\..\dataset\random_dataset\00516.jpg";"polarbears"
"E:/dataset/random_dataset/02656.jpg";"..\..\dataset\random_dataset\02656.jpg";"polarbears"
"E:/dataset/random_dataset/01593.jpg";"..\..\dataset\random_dataset\01593.jpg";"polarbears"
"E:/dataset/random_dataset/06982.jpg";"..\..\dataset\random_dataset\06982.jpg";"polarbears"
"E:/dataset/random_dataset/01680.jpg";"..\..\dataset\random_dataset\01680.jpg";"polarbears"
"E:/dataset/random_dataset/07552.jpg";"..\..\dataset\random_dataset\07552.jpg";"polarbears"
"E:/dataset/random_dataset/01142.jpg";"..\..\dataset\random_dataset\01142.jpg";"polarbears"
"E:/dataset/random_dataset/05340.jpg";"..\..\dataset\random_dataset\05340.jpg";"polarbears"
"E:/dataset/random_dataset/02071.jpg";"..\..\dataset\random_dataset\02071.jpg";"polarbears"
"E:/dataset/random_dataset/02331.jpg";"..\..\dataset\random_dataset\02331.jpg";"polarbears"
"E:/dataset/random_dataset/09859.jpg";"..\..\dataset\random_dataset\09859.jpg";"polarbears"
"E:/dataset/random_dataset/06739.jpg";"..\..\dataset\random_dataset\06739.jpg";"polarbears"
"E:/dataset/random_dataset/06991.jpg";"..\..\dataset\random_dataset\06991.jpg";"polarbears"
"E:/dataset/random_dataset/05110.jpg";"..\..\dataset\random_dataset\05110.jpg";"polarbears"
"E:/dataset/random_dataset/06562.jpg";"..\..\dataset\random_dataset\06562.jpg";"polarbears"
"E:/dataset/random_dataset/09737.jpg";"..\..\dataset\random_dataset\09737.jpg";"polarbears"
"E:/dataset/random_dataset/07371.jpg";"..\..\dataset\random_dataset\07371.jpg";"polarbears"
"E:/dataset/random_dataset/02517.jpg";"..\..\dataset\random_dataset\02517.jpg";"polarbears"
"E:/dataset/random_dataset/02912.jpg";"..\..\dataset\random_dataset\02912.jpg";"polarbears"
"E:/dataset/random_dataset/05763.jpg";"..\..\dataset\random_dataset\05763.jpg";"polarbears"
"E:/dataset/random_dataset/01004.jpg";"..\..\dataset\random_dataset\01004.jpg";"polarbears"
"E:/dataset/random_dataset/08563.jpg";"..\..\dataset\random_dataset\08563.jpg";"polarbears"
"E:/dataset/random_dataset/04906.jpg";"..\..\dataset\random_dataset\04906.jpg";"polarbears"
"E:/dataset/random_dataset/09031.jpg";"..\..\dataset\random_dataset\09031.jpg";"polarbears"
"E:/dataset/random_dataset/07419.jpg";"..\..\dataset\random_dataset\07419.jpg";"polarbears"
"E:/dataset/random_dataset/08614.jpg";"..\..\dataset\random_dataset\08614.jpg";"polarbears"
"E:/dataset/random_dataset/08138.jpg";"..\..\dataset\random_dataset\08138.jpg";"polarbears"
"E:/dataset/random_dataset/02122.jpg";"..\..\dataset\random_dataset\02122.jpg";"polarbears"
"E:/dataset/random_dataset/01445.jpg";"..\..\dataset\random_dataset\01445.jpg";"polarbears"
"E:/dataset/random_dataset/04086.jpg";"..\..\dataset\random_dataset\04086.jpg";"polarbears"
"E:/dataset/random_dataset/09625.jpg";"..\..\dataset\random_dataset\09625.jpg";"polarbears"
"E:/dataset/random_dataset/06875.jpg";"..\..\dataset\random_dataset\06875.jpg";"polarbears"
"E:/dataset/random_dataset/08154.jpg";"..\..\dataset\random_dataset\08154.jpg";"polarbears"
"E:/dataset/random_dataset/05088.jpg";"..\..\dataset\random_dataset\05088.jpg";"polarbears"
"E:/dataset/random_dataset/03159.jpg";"..\..\dataset\random_dataset\03159.jpg";"polarbears"
"E:/dataset/random_dataset/08226.jpg";"..\..\dataset\random_dataset\08226.jpg";"polarbears"
"E:/dataset/random_dataset/02653.jpg";"..\..\dataset\random_dataset\02653.jpg";"polarbears"
"E:/dataset/random_dataset/08681.jpg";"..\..\dataset\random_dataset\08681.jpg";"polarbears"
"E:/dataset/random_dataset/07322.jpg";"..\..\dataset\random_dataset\07322.jpg";"polarbears"
"E:/dataset/random_dataset/05107.jpg";"..\..\dataset\random_dataset\05107.jpg";"polarbears"
"E:/dataset/random_dataset/04063.jpg";"..\..\dataset\random_dataset\04063.jpg";"polarbears"
"E:/dataset/random_dataset/05681.jpg";"..\..\dataset\random_dataset\05681.jpg";"polarbears"
"E:/dataset/random_dataset/08610.jpg";"..\..\dataset\random_dataset\08610.jpg";"polarbears"
"E:/dataset/random_dataset/05271.jpg";"..\..\dataset\random_dataset\05271.jpg";"polarbears"
"E:/dataset/random_dataset/07512.jpg";"..\..\dataset\random_dataset\07512.jpg";"polarbears"
"E:/dataset/random_dataset/02426.jpg";"..\..\dataset\random_dataset\02426.jpg";"polarbears"
"E:/dataset/random_dataset/01103.jpg";"..\..\dataset\random_dataset\01103.jpg";"polarbears"
"E:/dataset/random_dataset/05771.jpg";"..\..\dataset\random_dataset\05771.jpg";"polarbears"
"E:/dataset/random_dataset/07238.jpg";"..\..\dataset\random_dataset\07238.jpg";"polarbears"
"E:/dataset/random_dataset/09188.jpg";"..\..\dataset\random_dataset\09188.jpg";"polarbears"
"E:/dataset/random_dataset/08679.jpg";"..\..\dataset\random_dataset\08679.jpg";"polarbears"
"E:/dataset/random_dataset/03427.jpg";"..\..\dataset\random_dataset\03427.jpg";"polarbears"
"E:/dataset/random_dataset/01056.jpg";"..\..\dataset\random_dataset\01056.jpg";"polarbears"
"E:/dataset/random_dataset/07732.jpg";"..\..\dataset\random_dataset\07732.jpg";"polarbears"
"E:/dataset/random_dataset/09027.jpg";"..\..\dataset\random_dataset\09027.jpg";"polarbears"
"E:/dataset/random_dataset/00064.jpg";"..\..\dataset\random_dataset\00064.jpg";"polarbears"
"E:/dataset/random_dataset/03199.jpg";"..\..\dataset\random_dataset\03199.jpg";"polarbears"
"E:/dataset/random_dataset/09007.jpg";"..\..\dataset\random_dataset\09007.jpg";"polarbears"
"E:/dataset/random_dataset/08066.jpg";"..\..\dataset\random_dataset\08066.jpg";"polarbears"
"E:/dataset/random_dataset/05463.jpg";"..\..\dataset\random_dataset\05463.jpg";"polarbears"
"E:/dataset/random_dataset/08369.jpg";"..\..\dataset\random_dataset\08369.jpg";"polarbears"
"E:/dataset/random_dataset/06959.jpg";"..\..\dataset\random_dataset\06959.jpg";"polarbears"
"E:/dataset/random_dataset/05449.jpg";"..\..\dataset\random_dataset\05449.jpg";"polarbears"
"E:/dataset/random_dataset/06992.jpg";"..\..\dataset\random_dataset\06992.jpg";"polarbears"
"E:/dataset/random_dataset/07305.jpg";"..\..\dataset\random_dataset\07305.jpg";"polarbears"
"E:/dataset/random_dataset/09958.jpg";"..\..\dataset\random_dataset\09958.jpg";"polarbears"
"E:/dataset/random_dataset/08597.jpg";"..\..\dataset\random_dataset\08597.jpg";"polarbears"
"E:/dataset/random_dataset/00238.jpg";"..\..\dataset\random_dataset\00238.jpg";"polarbears"
"E:/dataset/random_dataset/03313.jpg";"..\..\dataset\random_dataset\03313.jpg";"polarbears"
"E:/dataset/random_dataset/03858.jpg";"..\..\dataset\random_dataset\03858.jpg";"polarbears"
"E:/dataset/random_dataset/08196.jpg";"..\..\dataset\random_dataset\08196.jpg";"polarbears"
"E:/dataset/random_dataset/06238.jpg";"..\..\dataset\random_dataset\06238.jpg";"polarbears"
"E:/dataset/random_dataset/07768.jpg";"..\..\dataset\random_dataset\07768.jpg";"polarbears"
"E:/dataset/random_dataset/01182.jpg";"..\..\dataset\random_dataset\01182.jpg";"polarbears"
"E:/dataset/random_dataset/00038.jpg";"..\..\dataset\random_dataset\00038.jpg";"polarbears"
"E:/dataset/random_dataset/05923.jpg";"..\..\dataset\random_dataset\05923.jpg";"polarbears"
"E:/dataset/random_dataset/08393.jpg";"..\..\dataset\random_dataset\08393.jpg";"polarbears"
"E:/dataset/random_dataset/04428.jpg";"..\..\dataset\random_dataset\04428.jpg";"polarbears"
"E:/dataset/random_dataset/09025.jpg";"..\..\dataset\random_dataset\09025.jpg";"polarbears"
"E:/dataset/random_dataset/06288.jpg";"..\..\dataset\random_dataset\06288.jpg";"polarbears"
"E:/dataset/random_dataset/05286.jpg";"..\..\dataset\random_dataset\05286.jpg";"polarbears"
"E:/dataset/random_dataset/03011.jpg";"..\..\dataset\random_dataset\03011.jpg";"polarbears"
"E:/dataset/random_dataset/06021.jpg";"..\..\dataset\random_dataset\06021.jpg";"polarbears"
"E:/dataset/random_dataset/02287.jpg";"..\..\dataset\random_dataset\02287.jpg";"polarbears"
"E:/dataset/random_dataset/03338.jpg";"..\..\dataset\random_dataset\03338.jpg";"polarbears"
"E:/dataset/random_dataset/01174.jpg";"..\..\dataset\random_dataset\01174.jpg";"polarbears"
"E:/dataset/random_dataset/01934.jpg";"..\..\dataset\random_dataset\01934.jpg";"polarbears"
"E:/dataset/random_dataset/06736.jpg";"..\..\dataset\random_dataset\06736.jpg";"polarbears"
"E:/dataset/random_dataset/07988.jpg";"..\..\dataset\random_dataset\07988.jpg";"polarbears"
"E:/dataset/random_dataset/03468.jpg";"..\..\dataset\random_dataset\03468.jpg";"polarbears"
"E:/dataset/random_dataset/09593.jpg";"..\..\dataset\random_dataset\09593.jpg";"polarbears"
"E:/dataset/random_dataset/02090.jpg";"..\..\dataset\random_dataset\02090.jpg";"polarbears"
"E:/dataset/random_dataset/04638.jpg";"..\..\dataset\random_dataset\04638.jpg";"polarbears"
"E:/dataset/random_dataset/00937.jpg";"..\..\dataset\random_dataset\00937.jpg";"polarbears"
"E:/dataset/random_dataset/00818.jpg";"..\..\dataset\random_dataset\00818.jpg";"polarbears"
"E:/dataset/random_dataset/02930.jpg";"..\..\dataset\random_dataset\02930.jpg";"polarbears"
"E:/dataset/random_dataset/07240.jpg";"..\..\dataset\random_dataset\07240.jpg";"polarbears"
"E:/dataset/random_dataset/01423.jpg";"..\..\dataset\random_dataset\01423.jpg";"polarbears"
"E:/dataset/random_dataset/04936.jpg";"..\..\dataset\random_dataset\04936.jpg";"polarbears"
"E:/dataset/random_dataset/01643.jpg";"..\..\dataset\random_dataset\01643.jpg";"polarbears"
"E:/dataset/random_dataset/03095.jpg";"..\..\dataset\random_dataset\03095.jpg";"polarbears"
"E:/dataset/random_dataset/03207.jpg";"..\..\dataset\random_dataset\03207.jpg";"polarbears"
"E:/dataset/random_dataset/09977.jpg";"..\..\dataset\random_dataset\09977.jpg";"polarbears"
"E:/dataset/random_dataset/08501.jpg";"..\..\dataset\random_dataset\08501.jpg";"polarbears"
"E:/dataset/random_dataset/01702.jpg";"..\..\dataset\random_dataset\01702.jpg";"polarbears"
"E:/dataset/random_dataset/08830.jpg";"..\..\dataset\random_dataset\08830.jpg";"polarbears"
"E:/dataset/random_dataset/08741.jpg";"..\..\dataset\random_dataset\08741.jpg";"polarbears"
"E:/dataset/random_dataset/02748.jpg";"..\..\dataset\random_dataset\02748.jpg";"polarbears"
"E:/dataset/random_dataset/00257.jpg";"..\..\dataset\random_dataset\00257.jpg";"polarbears"
"E:/dataset/random_dataset/02659.jpg";"..\..\dataset\random_dataset\02659.jpg";"polarbears"
"E:/dataset/random_dataset/07805.jpg";"..\..\dataset\random_dataset\07805.jpg";"polarbears"
"E:/dataset/random_dataset/05112.jpg";"..\..\dataset\random_dataset\05112.jpg";"polarbears"
"E:/dataset/random_dataset/04182.jpg";"..\..\dataset\random_dataset\04182.jpg";"polarbears"
"E:/dataset/random_dataset/03675.jpg";"..\..\dataset\random_dataset\03675.jpg";"polarbears"
"E:/dataset/random_dataset/04335.jpg";"..\..\dataset\random_dataset\04335.jpg";"polarbears"
"E:/dataset/random_dataset/03763.jpg";"..\..\dataset\random_dataset\03763.jpg";"polarbears"
"E:/dataset/random_dataset/09102.jpg";"..\..\dataset\random_dataset\09102.jpg";"polarbears"
"E:/dataset/random_dataset/09575.jpg";"..\..\dataset\random_dataset\09575.jpg";"polarbears"
"E:/dataset/random_dataset/00378.jpg";"..\..\dataset\random_dataset\00378.jpg";"polarbears"
"E:/dataset/random_dataset/01556.jpg";"..\..\dataset\random_dataset\01556.jpg";"polarbears"
"E:/dataset/random_dataset/04405.jpg";"..\..\dataset\random_dataset\04405.jpg";"polarbears"
"E:/dataset/random_dataset/02349.jpg";"..\..\dataset\random_dataset\02349.jpg";"polarbears"
"E:/dataset/random_dataset/04162.jpg";"..\..\dataset\random_dataset\04162.jpg";"polarbears"
"E:/dataset/random_dataset/00572.jpg";"..\..\dataset\random_dataset\00572.jpg";"polarbears"
"E:/dataset/random_dataset/00368.jpg";"..\..\dataset\random_dataset\00368.jpg";"polarbears"
"E:/dataset/random_dataset/02076.jpg";"..\..\dataset\random_dataset\02076.jpg";"polarbears"
"E:/dataset/random_dataset/02281.jpg";"..\..\dataset\random_dataset\02281.jpg";"polarbears"
"E:/dataset/random_dataset/07133.jpg";"..\..\dataset\random_dataset\07133.jpg";"polarbears"
"E:/dataset/random_dataset/07909.jpg";"..\..\dataset\random_dataset\07909.jpg";"polarbears"
"E:/dataset/random_dataset/06266.jpg";"..\..\dataset\random_dataset\06266.jpg";"polarbears"
"E:/dataset/random_dataset/08601.jpg";"..\..\dataset\random_dataset\08601.jpg";"polarbears"
"E:/dataset/random_dataset/02548.jpg";"..\..\dataset\random_dataset\02548.jpg";"polarbears"
"E:/dataset/random_dataset/07837.jpg";"..\..\dataset\random_dataset\07837.jpg";"polarbears"
"E:/dataset/random_dataset/05219.jpg";"..\..\dataset\random_dataset\05219.jpg";"polarbears"
"E:/dataset/random_dataset/04874.jpg";"..\..\dataset\random_dataset\04874.jpg";"polarbears"
"E:/dataset/random_dataset/04997.jpg";"..\..\dataset\random_dataset\04997.jpg";"polarbears"
"E:/dataset/random_dataset/09163.jpg";"..\..\dataset\random_dataset\09163.jpg";"polarbears"
"E:/dataset/random_dataset/08980.jpg";"..\..\dataset\random_dataset\08980.jpg";"polarbears"
"E:/dataset/random_dataset/05696.jpg";"..\..\dataset\random_dataset\05696.jpg";"polarbears"
"E:/dataset/random_dataset/03415.jpg";"..\..\dataset\random_dataset\03415.jpg";"polarbears"
"E:/dataset/random_dataset/04666.jpg";"..\..\dataset\random_dataset\04666.jpg";"polarbears"
"E:/dataset/random_dataset/00464.jpg";"..\..\dataset\random_dataset\00464.jpg";"polarbears"
"E:/dataset/random_dataset/02537.jpg";"..\..\dataset\random_dataset\02537.jpg";"polarbears"
"E:/dataset/random_dataset/07391.jpg";"..\..\dataset\random_dataset\07391.jpg";"polarbears"
"E:/dataset/random_dataset/01735.jpg";"..\..\dataset\random_dataset\01735.jpg";"polarbears"
"E:/dataset/random_dataset/06629.jpg";"..\..\dataset\random_dataset\06629.jpg";"polarbears"
"E:/dataset/random_dataset/08828.jpg";"..\..\dataset\random_dataset\08828.jpg";"polarbears"
"E:/dataset/random_dataset/05201.jpg";"..\..\dataset\random_dataset\05201.jpg";"polarbears"
"E:/dataset/random_dataset/08227.jpg";"..\..\dataset\random_dataset\08227.jpg";"polarbears"
"E:/dataset/random_dataset/00092.jpg";"..\..\dataset\random_dataset\00092.jpg";"polarbears"
"E:/dataset/random_dataset/06519.jpg";"..\..\dataset\random_dataset\06519.jpg";"polarbears"
"E:/dataset/random_dataset/02644.jpg";"..\..\dataset\random_dataset\02644.jpg";"polarbears"
"E:/dataset/random_dataset/00211.jpg";"..\..\dataset\random_dataset\00211.jpg";"polarbears"
"E:/dataset/random_dataset/05942.jpg";"..\..\dataset\random_dataset\05942.jpg";"polarbears"
"E:/dataset/random_dataset/03598.jpg";"..\..\dataset\random_dataset\03598.jpg";"polarbears"
"E:/dataset/random_dataset/01172.jpg";"..\..\dataset\random_dataset\01172.jpg";"polarbears"
"E:/dataset/random_dataset/06439.jpg";"..\..\dataset\random_dataset\06439.jpg";"polarbears"
"E:/dataset/random_dataset/00340.jpg";"..\..\dataset\random_dataset\00340.jpg";"polarbears"
"E:/dataset/random_dataset/03592.jpg";"..\..\dataset\random_dataset\03592.jpg";"polarbears"
"E:/dataset/random_dataset/02459.jpg";"..\..\dataset\random_dataset\02459.jpg";"polarbears"
"E:/dataset/random_dataset/07905.jpg";"..\..\dataset\random_dataset\07905.jpg";"polarbears"
"E:/dataset/random_dataset/09157.jpg";"..\..\dataset\random_dataset\09157.jpg";"polarbears"
"E:/dataset/random_dataset/05268.jpg";"..\..\dataset\random_dataset\05268.jpg";"polarbears"
"E:/dataset/random_dataset/02525.jpg";"..\..\dataset\random_dataset\02525.jpg";"polarbears"
"E:/dataset/random_dataset/08130.jpg";"..\..\dataset\random_dataset\08130.jpg";"polarbears"
"E:/dataset/random_dataset/03446.jpg";"..\..\dataset\random_dataset\03446.jpg";"polarbears"
"E:/dataset/random_dataset/09110.jpg";"..\..\dataset\random_dataset\09110.jpg";"polarbears"
"E:/dataset/random_dataset/04185.jpg";"..\..\dataset\random_dataset\04185.jpg";"polarbears"
"E:/dataset/random_dataset/01877.jpg";"..\..\dataset\random_dataset\01877.jpg";"polarbears"
"E:/dataset/random_dataset/00846.jpg";"..\..\dataset\random_dataset\00846.jpg";"polarbears"
"E:/dataset/random_dataset/08901.jpg";"..\..\dataset\random_dataset\08901.jpg";"polarbears"
"E:/dataset/random_dataset/06089.jpg";"..\..\dataset\random_dataset\06089.jpg";"polarbears"
"E:/dataset/random_dataset/04611.jpg";"..\..\dataset\random_dataset\04611.jpg";"polarbears"
"E:/dataset/random_dataset/01021.jpg";"..\..\dataset\random_dataset\01021.jpg";"polarbears"
"E:/dataset/random_dataset/00815.jpg";"..\..\dataset\random_dataset\00815.jpg";"polarbears"
"E:/dataset/random_dataset/03019.jpg";"..\..\dataset\random_dataset\03019.jpg";"polarbears"
"E:/dataset/random_dataset/01212.jpg";"..\..\dataset\random_dataset\01212.jpg";"polarbears"
"E:/dataset/random_dataset/03203.jpg";"..\..\dataset\random_dataset\03203.jpg";"polarbears"
"E:/dataset/random_dataset/08954.jpg";"..\..\dataset\random_dataset\08954.jpg";"polarbears"
"E:/dataset/random_dataset/01244.jpg";"..\..\dataset\random_dataset\01244.jpg";"polarbears"
"E:/dataset/random_dataset/05787.jpg";"..\..\dataset\random_dataset\05787.jpg";"polarbears"
"E:/dataset/random_dataset/00598.jpg";"..\..\dataset\random_dataset\00598.jpg";"polarbears"
"E:/dataset/random_dataset/04725.jpg";"..\..\dataset\random_dataset\04725.jpg";"polarbears"
"E:/dataset/random_dataset/08989.jpg";"..\..\dataset\random_dataset\08989.jpg";"polarbears"
"E:/dataset/random_dataset/01521.jpg";"..\..\dataset\random_dataset\01521.jpg";"polarbears"
"E:/dataset/random_dataset/04375.jpg";"..\..\dataset\random_dataset\04375.jpg";"polarbears"
"E:/dataset/random_dataset/07035.jpg";"..\..\dataset\random_dataset\07035.jpg";"polarbears"
"E:/dataset/random_dataset/00800.jpg";"..\..\dataset\random_dataset\00800.jpg";"polarbears"
"E:/dataset/random_dataset/02526.jpg";"..\..\dataset\random_dataset\02526.jpg";"polarbears"
"E:/dataset/random_dataset/07806.jpg";"..\..\dataset\random_dataset\07806.jpg";"polarbears"
"E:/dataset/random_dataset/05225.jpg";"..\..\dataset\random_dataset\05225.jpg";"polarbears"
"E:/dataset/random_dataset/01944.jpg";"..\..\dataset\random_dataset\01944.jpg";"polarbears"
"E:/dataset/random_dataset/08477.jpg";"..\..\dataset\random_dataset\08477.jpg";"polarbears"
"E:/dataset/random_dataset/00223.jpg";"..\..\dataset\random_dataset\00223.jpg";"polarbears"
"E:/dataset/random_dataset/04591.jpg";"..\..\dataset\random_dataset\04591.jpg";"polarbears"
"E:/dataset/random_dataset/06993.jpg";"..\..\dataset\random_dataset\06993.jpg";"polarbears"
"E:/dataset/random_dataset/09910.jpg";"..\..\dataset\random_dataset\09910.jpg";"polarbears"
"E:/dataset/random_dataset/08875.jpg";"..\..\dataset\random_dataset\08875.jpg";"polarbears"
"E:/dataset/random_dataset/01134.jpg";"..\..\dataset\random_dataset\01134.jpg";"polarbears"
"E:/dataset/random_dataset/01259.jpg";"..\..\dataset\random_dataset\01259.jpg";"polarbears"
"E:/dataset/random_dataset/02428.jpg";"..\..\dataset\random_dataset\02428.jpg";"polarbears"
"E:/dataset/random_dataset/06319.jpg";"..\..\dataset\random_dataset\06319.jpg";"polarbears"
"E:/dataset/random_dataset/09993.jpg";"..\..\dataset\random_dataset\09993.jpg";"polarbears"
"E:/dataset/random_dataset/09223.jpg";"..\..\dataset\random_dataset\09223.jpg";"polarbears"
"E:/dataset/random_dataset/00086.jpg";"..\..\dataset\random_dataset\00086.jpg";"polarbears"
"E:/dataset/random_dataset/01939.jpg";"..\..\dataset\random_dataset\01939.jpg";"polarbears"
"E:/dataset/random_dataset/08606.jpg";"..\..\dataset\random_dataset\08606.jpg";"polarbears"
"E:/dataset/random_dataset/03837.jpg";"..\..\dataset\random_dataset\03837.jpg";"polarbears"
"E:/dataset/random_dataset/01959.jpg";"..\..\dataset\random_dataset\01959.jpg";"polarbears"
"E:/dataset/random_dataset/07267.jpg";"..\..\dataset\random_dataset\07267.jpg";"polarbears"
"E:/dataset/random_dataset/00869.jpg";"..\..\dataset\random_dataset\00869.jpg";"polarbears"
"E:/dataset/random_dataset/06014.jpg";"..\..\dataset\random_dataset\06014.jpg";"polarbears"
"E:/dataset/random_dataset/03795.jpg";"..\..\dataset\random_dataset\03795.jpg";"polarbears"
"E:/dataset/random_dataset/00032.jpg";"..\..\dataset\random_dataset\00032.jpg";"polarbears"
"E:/dataset/random_dataset/08576.jpg";"..\..\dataset\random_dataset\08576.jpg";"polarbears"
"E:/dataset/random_dataset/03611.jpg";"..\..\dataset\random_dataset\03611.jpg";"polarbears"
"E:/dataset/random_dataset/05996.jpg";"..\..\dataset\random_dataset\05996.jpg";"polarbears"
"E:/dataset/random_dataset/06194.jpg";"..\..\dataset\random_dataset\06194.jpg";"polarbears"
"E:/dataset/random_dataset/00001.jpg";"..\..\dataset\random_dataset\00001.jpg";"polarbears"
"E:/dataset/random_dataset/06631.jpg";"..\..\dataset\random_dataset\06631.jpg";"polarbears"
"E:/dataset/random_dataset/01363.jpg";"..\..\dataset\random_dataset\01363.jpg";"polarbears"
"E:/dataset/random_dataset/03298.jpg";"..\..\dataset\random_dataset\03298.jpg";"polarbears"
"E:/dataset/random_dataset/03798.jpg";"..\..\dataset\random_dataset\03798.jpg";"polarbears"
"E:/dataset/random_dataset/08072.jpg";"..\..\dataset\random_dataset\08072.jpg";"polarbears"
"E:/dataset/random_dataset/06803.jpg";"..\..\dataset\random_dataset\06803.jpg";"polarbears"
"E:/dataset/random_dataset/05124.jpg";"..\..\dataset\random_dataset\05124.jpg";"polarbears"
"E:/dataset/random_dataset/02753.jpg";"..\..\dataset\random_dataset\02753.jpg";"polarbears"
"E:/dataset/random_dataset/03584.jpg";"..\..\dataset\random_dataset\03584.jpg";"polarbears"
"E:/dataset/random_dataset/00585.jpg";"..\..\dataset\random_dataset\00585.jpg";"polarbears"
"E:/dataset/random_dataset/08766.jpg";"..\..\dataset\random_dataset\08766.jpg";"polarbears"
"E:/dataset/random_dataset/02246.jpg";"..\..\dataset\random_dataset\02246.jpg";"polarbears"
"E:/dataset/random_dataset/04560.jpg";"..\..\dataset\random_dataset\04560.jpg";"polarbears"
"E:/dataset/random_dataset/05623.jpg";"..\..\dataset\random_dataset\05623.jpg";"polarbears"
"E:/dataset/random_dataset/02504.jpg";"..\..\dataset\random_dataset\02504.jpg";"polarbears"
"E:/dataset/random_dataset/08034.jpg";"..\..\dataset\random_dataset\08034.jpg";"polarbears"
"E:/dataset/random_dataset/01462.jpg";"..\..\dataset\random_dataset\01462.jpg";"polarbears"
"E:/dataset/random_dataset/01126.jpg";"..\..\dataset\random_dataset\01126.jpg";"polarbears"
"E:/dataset/random_dataset/01758.jpg";"..\..\dataset\random_dataset\01758.jpg";"polarbears"
"E:/dataset/random_dataset/09376.jpg";"..\..\dataset\random_dataset\09376.jpg";"polarbears"
"E:/dataset/random_dataset/01482.jpg";"..\..\dataset\random_dataset\01482.jpg";"polarbears"
"E:/dataset/random_dataset/08801.jpg";"..\..\dataset\random_dataset\08801.jpg";"polarbears"
"E:/dataset/random_dataset/00047.jpg";"..\..\dataset\random_dataset\00047.jpg";"polarbears"
"E:/dataset/random_dataset/08660.jpg";"..\..\dataset\random_dataset\08660.jpg";"polarbears"
"E:/dataset/random_dataset/06052.jpg";"..\..\dataset\random_dataset\06052.jpg";"polarbears"
"E:/dataset/random_dataset/08515.jpg";"..\..\dataset\random_dataset\08515.jpg";"polarbears"
"E:/dataset/random_dataset/08230.jpg";"..\..\dataset\random_dataset\08230.jpg";"polarbears"
"E:/dataset/random_dataset/03094.jpg";"..\..\dataset\random_dataset\03094.jpg";"polarbears"
"E:/dataset/random_dataset/00539.jpg";"..\..\dataset\random_dataset\00539.jpg";"polarbears"
"E:/dataset/random_dataset/04716.jpg";"..\..\dataset\random_dataset\04716.jpg";"polarbears"
"E:/dataset/random_dataset/00911.jpg";"..\..\dataset\random_dataset\00911.jpg";"polarbears"
"E:/dataset/random_dataset/09884.jpg";"..\..\dataset\random_dataset\09884.jpg";"polarbears"
"E:/dataset/random_dataset/02033.jpg";"..\..\dataset\random_dataset\02033.jpg";"polarbears"
"E:/dataset/random_dataset/06742.jpg";"..\..\dataset\random_dataset\06742.jpg";"polarbears"
"E:/dataset/random_dataset/01715.jpg";"..\..\dataset\random_dataset\01715.jpg";"polarbears"
"E:/dataset/random_dataset/07901.jpg";"..\..\dataset\random_dataset\07901.jpg";"polarbears"
"E:/dataset/random_dataset/09725.jpg";"..\..\dataset\random_dataset\09725.jpg";"polarbears"
"E:/dataset/random_dataset/07940.jpg";"..\..\dataset\random_dataset\07940.jpg";"polarbears"
"E:/dataset/random_dataset/07669.jpg";"..\..\dataset\random_dataset\07669.jpg";"polarbears"
"E:/dataset/random_dataset/02738.jpg";"..\..\dataset\random_dataset\02738.jpg";"polarbears"
"E:/dataset/random_dataset/01085.jpg";"..\..\dataset\random_dataset\01085.jpg";"polarbears"
"E:/dataset/random_dataset/04890.jpg";"..\..\dataset\random_dataset\04890.jpg";"polarbears"
"E:/dataset/random_dataset/00644.jpg";"..\..\dataset\random_dataset\00644.jpg";"polarbears"
"E:/dataset/random_dataset/04158.jpg";"..\..\dataset\random_dataset\04158.jpg";"polarbears"
"E:/dataset/random_dataset/01325.jpg";"..\..\dataset\random_dataset\01325.jpg";"polarbears"
"E:/dataset/random_dataset/06433.jpg";"..\..\dataset\random_dataset\06433.jpg";"polarbears"
"E:/dataset/random_dataset/00314.jpg";"..\..\dataset\random_dataset\00314.jpg";"polarbears"
"E:/dataset/random_dataset/08995.jpg";"..\..\dataset\random_dataset\08995.jpg";"polarbears"
"E:/dataset/random_dataset/09773.jpg";"..\..\dataset\random_dataset\09773.jpg";"polarbears"
"E:/dataset/random_dataset/08964.jpg";"..\..\dataset\random_dataset\08964.jpg";"polarbears"
"E:/dataset/random_dataset/02366.jpg";"..\..\dataset\random_dataset\02366.jpg";"polarbears"
"E:/dataset/random_dataset/09249.jpg";"..\..\dataset\random_dataset\09249.jpg";"polarbears"
"E:/dataset/random_dataset/03583.jpg";"..\..\dataset\random_dataset\03583.jpg";"polarbears"
"E:/dataset/random_dataset/04186.jpg";"..\..\dataset\random_dataset\04186.jpg";"polarbears"
"E:/dataset/random_dataset/05093.jpg";"..\..\dataset\random_dataset\05093.jpg";"polarbears"
"E:/dataset/random_dataset/00012.jpg";"..\..\dataset\random_dataset\00012.jpg";"polarbears"
"E:/dataset/random_dataset/00180.jpg";"..\..\dataset\random_dataset\00180.jpg";"polarbears"
"E:/dataset/random_dataset/04947.jpg";"..\..\dataset\random_dataset\04947.jpg";"polarbears"
"E:/dataset/random_dataset/09851.jpg";"..\..\dataset\random_dataset\09851.jpg";"polarbears"
"E:/dataset/random_dataset/04457.jpg";"..\..\dataset\random_dataset\04457.jpg";"polarbears"
"E:/dataset/random_dataset/03609.jpg";"..\..\dataset\random_dataset\03609.jpg";"polarbears"
"E:/dataset/random_dataset/08815.jpg";"..\..\dataset\random_dataset\08815.jpg";"polarbears"
"E:/dataset/random_dataset/06158.jpg";"..\..\dataset\random_dataset\06158.jpg";"polarbears"
"E:/dataset/random_dataset/00942.jpg";"..\..\dataset\random_dataset\00942.jpg";"polarbears"
"E:/dataset/random_dataset/07585.jpg";"..\..\dataset\random_dataset\07585.jpg";"polarbears"
"E:/dataset/random_dataset/07912.jpg";"..\..\dataset\random_dataset\07912.jpg";"polarbears"
"E:/dataset/random_dataset/00632.jpg";"..\..\dataset\random_dataset\00632.jpg";"polarbears"
"E:/dataset/random_dataset/04031.jpg";"..\..\dataset\random_dataset\04031.jpg";"polarbears"
"E:/dataset/random_dataset/05330.jpg";"..\..\dataset\random_dataset\05330.jpg";"polarbears"
"E:/dataset/random_dataset/04233.jpg";"..\..\dataset\random_dataset\04233.jpg";"polarbears"
"E:/dataset/random_dataset/06287.jpg";"..\..\dataset\random_dataset\06287.jpg";"polarbears"
"E:/dataset/random_dataset/03930.jpg";"..\..\dataset\random_dataset\03930.jpg";"polarbears"
"E:/dataset/random_dataset/05571.jpg";"..\..\dataset\random_dataset\05571.jpg";"polarbears"
"E:/dataset/random_dataset/03104.jpg";"..\..\dataset\random_dataset\03104.jpg";"polarbears"
"E:/dataset/random_dataset/07494.jpg";"..\..\dataset\random_dataset\07494.jpg";"polarbears"
"E:/dataset/random_dataset/07553.jpg";"..\..\dataset\random_dataset\07553.jpg";"polarbears"
"E:/dataset/random_dataset/04520.jpg";"..\..\dataset\random_dataset\04520.jpg";"polarbears"
"E:/dataset/random_dataset/03991.jpg";"..\..\dataset\random_dataset\03991.jpg";"polarbears"
"E:/dataset/random_dataset/01310.jpg";"..\..\dataset\random_dataset\01310.jpg";"polarbears"
"E:/dataset/random_dataset/05179.jpg";"..\..\dataset\random_dataset\05179.jpg";"polarbears"
"E:/dataset/random_dataset/09337.jpg";"..\..\dataset\random_dataset\09337.jpg";"polarbears"
"E:/dataset/random_dataset/08747.jpg";"..\..\dataset\random_dataset\08747.jpg";"polarbears"
"E:/dataset/random_dataset/05351.jpg";"..\..\dataset\random_dataset\05351.jpg";"polarbears"
"E:/dataset/random_dataset/07199.jpg";"..\..\dataset\random_dataset\07199.jpg";"polarbears"
"E:/dataset/random_dataset/06154.jpg";"..\..\dataset\random_dataset\06154.jpg";"polarbears"
"E:/dataset/random_dataset/06293.jpg";"..\..\dataset\random_dataset\06293.jpg";"polarbears"
"E:/dataset/random_dataset/08126.jpg";"..\..\dataset\random_dataset\08126.jpg";"polarbears"
"E:/dataset/random_dataset/02705.jpg";"..\..\dataset\random_dataset\02705.jpg";"polarbears"
"E:/dataset/random_dataset/06515.jpg";"..\..\dataset\random_dataset\06515.jpg";"polarbears"
"E:/dataset/random_dataset/07540.jpg";"..\..\dataset\random_dataset\07540.jpg";"polarbears"
"E:/dataset/random_dataset/03936.jpg";"..\..\dataset\random_dataset\03936.jpg";"polarbears"
"E:/dataset/random_dataset/08586.jpg";"..\..\dataset\random_dataset\08586.jpg";"polarbears"
"E:/dataset/random_dataset/06886.jpg";"..\..\dataset\random_dataset\06886.jpg";"polarbears"
"E:/dataset/random_dataset/08361.jpg";"..\..\dataset\random_dataset\08361.jpg";"polarbears"
"E:/dataset/random_dataset/00245.jpg";"..\..\dataset\random_dataset\00245.jpg";"polarbears"
"E:/dataset/random_dataset/00621.jpg";"..\..\dataset\random_dataset\00621.jpg";"polarbears"
"E:/dataset/random_dataset/07750.jpg";"..\..\dataset\random_dataset\07750.jpg";"polarbears"
"E:/dataset/random_dataset/02472.jpg";"..\..\dataset\random_dataset\02472.jpg";"polarbears"
"E:/dataset/random_dataset/00298.jpg";"..\..\dataset\random_dataset\00298.jpg";"polarbears"
"E:/dataset/random_dataset/04945.jpg";"..\..\dataset\random_dataset\04945.jpg";"polarbears"
"E:/dataset/random_dataset/05916.jpg";"..\..\dataset\random_dataset\05916.jpg";"polarbears"
"E:/dataset/random_dataset/07507.jpg";"..\..\dataset\random_dataset\07507.jpg";"polarbears"
"E:/dataset/random_dataset/00872.jpg";"..\..\dataset\random_dataset\00872.jpg";"polarbears"
"E:/dataset/random_dataset/03275.jpg";"..\..\dataset\random_dataset\03275.jpg";"polarbears"
"E:/dataset/random_dataset/09556.jpg";"..\..\dataset\random_dataset\09556.jpg";"polarbears"
"E:/dataset/random_dataset/02828.jpg";"..\..\dataset\random_dataset\02828.jpg";"polarbears"
"E:/dataset/random_dataset/06251.jpg";"..\..\dataset\random_dataset\06251.jpg";"polarbears"
"E:/dataset/random_dataset/03085.jpg";"..\..\dataset\random_dataset\03085.jpg";"polarbears"
"E:/dataset/random_dataset/01107.jpg";"..\..\dataset\random_dataset\01107.jpg";"polarbears"
"E:/dataset/random_dataset/08331.jpg";"..\..\dataset\random_dataset\08331.jpg";"polarbears"
"E:/dataset/random_dataset/08865.jpg";"..\..\dataset\random_dataset\08865.jpg";"polarbears"
"E:/dataset/random_dataset/04565.jpg";"..\..\dataset\random_dataset\04565.jpg";"polarbears"
"E:/dataset/random_dataset/00737.jpg";"..\..\dataset\random_dataset\00737.jpg";"polarbears"
"E:/dataset/random_dataset/00762.jpg";"..\..\dataset\random_dataset\00762.jpg";"polarbears"
"E:/dataset/random_dataset/02291.jpg";"..\..\dataset\random_dataset\02291.jpg";"polarbears"
"E:/dataset/random_dataset/06170.jpg";"..\..\dataset\random_dataset\06170.jpg";"polarbears"
"E:/dataset/random_dataset/09729.jpg";"..\..\dataset\random_dataset\09729.jpg";"polarbears"
"E:/dataset/random_dataset/08524.jpg";"..\..\dataset\random_dataset\08524.jpg";"polarbears"
"E:/dataset/random_dataset/02813.jpg";"..\..\dataset\random_dataset\02813.jpg";"polarbears"
"E:/dataset/random_dataset/02919.jpg";"..\..\dataset\random_dataset\02919.jpg";"polarbears"
"E:/dataset/random_dataset/06005.jpg";"..\..\dataset\random_dataset\06005.jpg";"polarbears"
"E:/dataset/random_dataset/08641.jpg";"..\..\dataset\random_dataset\08641.jpg";"polarbears"
"E:/dataset/random_dataset/04306.jpg";"..\..\dataset\random_dataset\04306.jpg";"polarbears"
"E:/dataset/random_dataset/07378.jpg";"..\..\dataset\random_dataset\07378.jpg";"polarbears"
"E:/dataset/random_dataset/03345.jpg";"..\..\dataset\random_dataset\03345.jpg";"polarbears"
"E:/dataset/random_dataset/03648.jpg";"..\..\dataset\random_dataset\03648.jpg";"polarbears"
"E:/dataset/random_dataset/06316.jpg";"..\..\dataset\random_dataset\06316.jpg";"polarbears"
"E:/dataset/random_dataset/00739.jpg";"..\..\dataset\random_dataset\00739.jpg";"polarbears"
"E:/dataset/random_dataset/07557.jpg";"..\..\dataset\random_dataset\07557.jpg";"polarbears"
"E:/dataset/random_dataset/02463.jpg";"..\..\dataset\random_dataset\02463.jpg";"polarbears"
"E:/dataset/random_dataset/07331.jpg";"..\..\dataset\random_dataset\07331.jpg";"polarbears"
"E:/dataset/random_dataset/01578.jpg";"..\..\dataset\random_dataset\01578.jpg";"polarbears"
"E:/dataset/random_dataset/00296.jpg";"..\..\dataset\random_dataset\00296.jpg";"polarbears"
"E:/dataset/random_dataset/01941.jpg";"..\..\dataset\random_dataset\01941.jpg";"polarbears"
"E:/dataset/random_dataset/07776.jpg";"..\..\dataset\random_dataset\07776.jpg";"polarbears"
"E:/dataset/random_dataset/01036.jpg";"..\..\dataset\random_dataset\01036.jpg";"polarbears"
"E:/dataset/random_dataset/07362.jpg";"..\..\dataset\random_dataset\07362.jpg";"polarbears"
"E:/dataset/random_dataset/01717.jpg";"..\..\dataset\random_dataset\01717.jpg";"polarbears"
"E:/dataset/random_dataset/07959.jpg";"..\..\dataset\random_dataset\07959.jpg";"polarbears"
"E:/dataset/random_dataset/08437.jpg";"..\..\dataset\random_dataset\08437.jpg";"polarbears"
"E:/dataset/random_dataset/09447.jpg";"..\..\dataset\random_dataset\09447.jpg";"polarbears"
"E:/dataset/random_dataset/06822.jpg";"..\..\dataset\random_dataset\06822.jpg";"polarbears"
"E:/dataset/random_dataset/03973.jpg";"..\..\dataset\random_dataset\03973.jpg";"polarbears"
"E:/dataset/random_dataset/03509.jpg";"..\..\dataset\random_dataset\03509.jpg";"polarbears"
"E:/dataset/random_dataset/09003.jpg";"..\..\dataset\random_dataset\09003.jpg";"polarbears"
"E:/dataset/random_dataset/08378.jpg";"..\..\dataset\random_dataset\08378.jpg";"polarbears"
"E:/dataset/random_dataset/04436.jpg";"..\..\dataset\random_dataset\04436.jpg";"polarbears"
"E:/dataset/random_dataset/05551.jpg";"..\..\dataset\random_dataset\05551.jpg";"polarbears"
"E:/dataset/random_dataset/02698.jpg";"..\..\dataset\random_dataset\02698.jpg";"polarbears"
"E:/dataset/random_dataset/00716.jpg";"..\..\dataset\random_dataset\00716.jpg";"polarbears"
"E:/dataset/random_dataset/08749.jpg";"..\..\dataset\random_dataset\08749.jpg";"polarbears"
"E:/dataset/random_dataset/08638.jpg";"..\..\dataset\random_dataset\08638.jpg";"polarbears"
"E:/dataset/random_dataset/09930.jpg";"..\..\dataset\random_dataset\09930.jpg";"polarbears"
"E:/dataset/random_dataset/04205.jpg";"..\..\dataset\random_dataset\04205.jpg";"polarbears"
"E:/dataset/random_dataset/01357.jpg";"..\..\dataset\random_dataset\01357.jpg";"polarbears"
"E:/dataset/random_dataset/03045.jpg";"..\..\dataset\random_dataset\03045.jpg";"polarbears"
"E:/dataset/random_dataset/05262.jpg";"..\..\dataset\random_dataset\05262.jpg";"polarbears"
"E:/dataset/random_dataset/02894.jpg";"..\..\dataset\random_dataset\02894.jpg";"polarbears"
"E:/dataset/random_dataset/02300.jpg";"..\..\dataset\random_dataset\02300.jpg";"polarbears"
"E:/dataset/random_dataset/05087.jpg";"..\..\dataset\random_dataset\05087.jpg";"polarbears"
"E:/dataset/random_dataset/04608.jpg";"..\..\dataset\random_dataset\04608.jpg";"polarbears"
"E:/dataset/random_dataset/07558.jpg";"..\..\dataset\random_dataset\07558.jpg";"polarbears"
"E:/dataset/random_dataset/09937.jpg";"..\..\dataset\random_dataset\09937.jpg";"polarbears"
"E:/dataset/random_dataset/02853.jpg";"..\..\dataset\random_dataset\02853.jpg";"polarbears"
"E:/dataset/random_dataset/02211.jpg";"..\..\dataset\random_dataset\02211.jpg";"polarbears"
"E:/dataset/random_dataset/09690.jpg";"..\..\dataset\random_dataset\09690.jpg";"polarbears"
"E:/dataset/random_dataset/00457.jpg";"..\..\dataset\random_dataset\00457.jpg";"polarbears"
"E:/dataset/random_dataset/05835.jpg";"..\..\dataset\random_dataset\05835.jpg";"polarbears"
"E:/dataset/random_dataset/01410.jpg";"..\..\dataset\random_dataset\01410.jpg";"polarbears"
"E:/dataset/random_dataset/04882.jpg";"..\..\dataset\random_dataset\04882.jpg";"polarbears"
"E:/dataset/random_dataset/05950.jpg";"..\..\dataset\random_dataset\05950.jpg";"polarbears"
"E:/dataset/random_dataset/04333.jpg";"..\..\dataset\random_dataset\04333.jpg";"polarbears"
"E:/dataset/random_dataset/07407.jpg";"..\..\dataset\random_dataset\07407.jpg";"polarbears"
"E:/dataset/random_dataset/00905.jpg";"..\..\dataset\random_dataset\00905.jpg";"polarbears"
"E:/dataset/random_dataset/00243.jpg";"..\..\dataset\random_dataset\00243.jpg";"polarbears"
"E:/dataset/random_dataset/00827.jpg";"..\..\dataset\random_dataset\00827.jpg";"polarbears"
"E:/dataset/random_dataset/08381.jpg";"..\..\dataset\random_dataset\08381.jpg";"polarbears"
"E:/dataset/random_dataset/05422.jpg";"..\..\dataset\random_dataset\05422.jpg";"polarbears"
"E:/dataset/random_dataset/05161.jpg";"..\..\dataset\random_dataset\05161.jpg";"polarbears"
"E:/dataset/random_dataset/08654.jpg";"..\..\dataset\random_dataset\08654.jpg";"polarbears"
"E:/dataset/random_dataset/07232.jpg";"..\..\dataset\random_dataset\07232.jpg";"polarbears"
"E:/dataset/random_dataset/05905.jpg";"..\..\dataset\random_dataset\05905.jpg";"polarbears"
"E:/dataset/random_dataset/06334.jpg";"..\..\dataset\random_dataset\06334.jpg";"polarbears"
"E:/dataset/random_dataset/02782.jpg";"..\..\dataset\random_dataset\02782.jpg";"polarbears"
"E:/dataset/random_dataset/04609.jpg";"..\..\dataset\random_dataset\04609.jpg";"polarbears"
"E:/dataset/random_dataset/07813.jpg";"..\..\dataset\random_dataset\07813.jpg";"polarbears"
"E:/dataset/random_dataset/05356.jpg";"..\..\dataset\random_dataset\05356.jpg";"polarbears"
"E:/dataset/random_dataset/07766.jpg";"..\..\dataset\random_dataset\07766.jpg";"polarbears"
"E:/dataset/random_dataset/00858.jpg";"..\..\dataset\random_dataset\00858.jpg";"polarbears"
"E:/dataset/random_dataset/06301.jpg";"..\..\dataset\random_dataset\06301.jpg";"polarbears"
"E:/dataset/random_dataset/05148.jpg";"..\..\dataset\random_dataset\05148.jpg";"polarbears"
"E:/dataset/random_dataset/08064.jpg";"..\..\dataset\random_dataset\08064.jpg";"polarbears"
"E:/dataset/random_dataset/06943.jpg";"..\..\dataset\random_dataset\06943.jpg";"polarbears"
"E:/dataset/random_dataset/07097.jpg";"..\..\dataset\random_dataset\07097.jpg";"polarbears"
"E:/dataset/random_dataset/03190.jpg";"..\..\dataset\random_dataset\03190.jpg";"polarbears"
"E:/dataset/random_dataset/00467.jpg";"..\..\dataset\random_dataset\00467.jpg";"polarbears"
"E:/dataset/random_dataset/01473.jpg";"..\..\dataset\random_dataset\01473.jpg";"polarbears"
"E:/dataset/random_dataset/01746.jpg";"..\..\dataset\random_dataset\01746.jpg";"polarbears"
"E:/dataset/random_dataset/08613.jpg";"..\..\dataset\random_dataset\08613.jpg";"polarbears"
"E:/dataset/random_dataset/02499.jpg";"..\..\dataset\random_dataset\02499.jpg";"polarbears"
"E:/dataset/random_dataset/04847.jpg";"..\..\dataset\random_dataset\04847.jpg";"polarbears"
"E:/dataset/random_dataset/07567.jpg";"..\..\dataset\random_dataset\07567.jpg";"polarbears"
"E:/dataset/random_dataset/09718.jpg";"..\..\dataset\random_dataset\09718.jpg";"polarbears"
"E:/dataset/random_dataset/06394.jpg";"..\..\dataset\random_dataset\06394.jpg";"polarbears"
"E:/dataset/random_dataset/02970.jpg";"..\..\dataset\random_dataset\02970.jpg";"polarbears"
"E:/dataset/random_dataset/02386.jpg";"..\..\dataset\random_dataset\02386.jpg";"polarbears"
"E:/dataset/random_dataset/08947.jpg";"..\..\dataset\random_dataset\08947.jpg";"polarbears"
"E:/dataset/random_dataset/02113.jpg";"..\..\dataset\random_dataset\02113.jpg";"polarbears"
"E:/dataset/random_dataset/03928.jpg";"..\..\dataset\random_dataset\03928.jpg";"polarbears"
"E:/dataset/random_dataset/06225.jpg";"..\..\dataset\random_dataset\06225.jpg";"polarbears"
"E:/dataset/random_dataset/00477.jpg";"..\..\dataset\random_dataset\00477.jpg";"polarbears"
"E:/dataset/random_dataset/05756.jpg";"..\..\dataset\random_dataset\05756.jpg";"polarbears"
"E:/dataset/random_dataset/07158.jpg";"..\..\dataset\random_dataset\07158.jpg";"polarbears"
"E:/dataset/random_dataset/07260.jpg";"..\..\dataset\random_dataset\07260.jpg";"polarbears"
"E:/dataset/random_dataset/06858.jpg";"..\..\dataset\random_dataset\06858.jpg";"polarbears"
"E:/dataset/random_dataset/00527.jpg";"..\..\dataset\random_dataset\00527.jpg";"polarbears"
"E:/dataset/random_dataset/01970.jpg";"..\..\dataset\random_dataset\01970.jpg";"polarbears"
"E:/dataset/random_dataset/04204.jpg";"..\..\dataset\random_dataset\04204.jpg";"polarbears"
"E:/dataset/random_dataset/00074.jpg";"..\..\dataset\random_dataset\00074.jpg";"polarbears"
"E:/dataset/random_dataset/09777.jpg";"..\..\dataset\random_dataset\09777.jpg";"polarbears"
"E:/dataset/random_dataset/00863.jpg";"..\..\dataset\random_dataset\00863.jpg";"polarbears"
"E:/dataset/random_dataset/00260.jpg";"..\..\dataset\random_dataset\00260.jpg";"polarbears"
"E:/dataset/random_dataset/01903.jpg";"..\..\dataset\random_dataset\01903.jpg";"polarbears"
"E:/dataset/random_dataset/05366.jpg";"..\..\dataset\random_dataset\05366.jpg";"polarbears"
"E:/dataset/random_dataset/06563.jpg";"..\..\dataset\random_dataset\06563.jpg";"polarbears"
"E:/dataset/random_dataset/08271.jpg";"..\..\dataset\random_dataset\08271.jpg";"polarbears"
"E:/dataset/random_dataset/07921.jpg";"..\..\dataset\random_dataset\07921.jpg";"polarbears"
"E:/dataset/random_dataset/04517.jpg";"..\..\dataset\random_dataset\04517.jpg";"polarbears"
"E:/dataset/random_dataset/05343.jpg";"..\..\dataset\random_dataset\05343.jpg";"polarbears"
"E:/dataset/random_dataset/08396.jpg";"..\..\dataset\random_dataset\08396.jpg";"polarbears"
"E:/dataset/random_dataset/07017.jpg";"..\..\dataset\random_dataset\07017.jpg";"polarbears"
"E:/dataset/random_dataset/06254.jpg";"..\..\dataset\random_dataset\06254.jpg";"polarbears"
"E:/dataset/random_dataset/01451.jpg";"..\..\dataset\random_dataset\01451.jpg";"polarbears"
"E:/dataset/random_dataset/07564.jpg";"..\..\dataset\random_dataset\07564.jpg";"polarbears"
"E:/dataset/random_dataset/06344.jpg";"..\..\dataset\random_dataset\06344.jpg";"polarbears"
"E:/dataset/random_dataset/09863.jpg";"..\..\dataset\random_dataset\09863.jpg";"polarbears"
"E:/dataset/random_dataset/02339.jpg";"..\..\dataset\random_dataset\02339.jpg";"polarbears"
"E:/dataset/random_dataset/08878.jpg";"..\..\dataset\random_dataset\08878.jpg";"polarbears"
"E:/dataset/random_dataset/01288.jpg";"..\..\dataset\random_dataset\01288.jpg";"polarbears"
"E:/dataset/random_dataset/05890.jpg";"..\..\dataset\random_dataset\05890.jpg";"polarbears"
"E:/dataset/random_dataset/02239.jpg";"..\..\dataset\random_dataset\02239.jpg";"polarbears"
"E:/dataset/random_dataset/00075.jpg";"..\..\dataset\random_dataset\00075.jpg";"polarbears"
"E:/dataset/random_dataset/07927.jpg";"..\..\dataset\random_dataset\07927.jpg";"polarbears"
"E:/dataset/random_dataset/02866.jpg";"..\..\dataset\random_dataset\02866.jpg";"polarbears"
"E:/dataset/random_dataset/00397.jpg";"..\..\dataset\random_dataset\00397.jpg";"polarbears"
"E:/dataset/random_dataset/03456.jpg";"..\..\dataset\random_dataset\03456.jpg";"polarbears"
"E:/dataset/random_dataset/05588.jpg";"..\..\dataset\random_dataset\05588.jpg";"polarbears"
"E:/dataset/random_dataset/04748.jpg";"..\..\dataset\random_dataset\04748.jpg";"polarbears"
"E:/dataset/random_dataset/01195.jpg";"..\..\dataset\random_dataset\01195.jpg";"polarbears"
"E:/dataset/random_dataset/01705.jpg";"..\..\dataset\random_dataset\01705.jpg";"polarbears"
"E:/dataset/random_dataset/08900.jpg";"..\..\dataset\random_dataset\08900.jpg";"polarbears"
"E:/dataset/random_dataset/06216.jpg";"..\..\dataset\random_dataset\06216.jpg";"polarbears"
"E:/dataset/random_dataset/07809.jpg";"..\..\dataset\random_dataset\07809.jpg";"polarbears"
"E:/dataset/random_dataset/07906.jpg";"..\..\dataset\random_dataset\07906.jpg";"polarbears"
"E:/dataset/random_dataset/00713.jpg";"..\..\dataset\random_dataset\00713.jpg";"polarbears"
"E:/dataset/random_dataset/01667.jpg";"..\..\dataset\random_dataset\01667.jpg";"polarbears"
"E:/dataset/random_dataset/06518.jpg";"..\..\dataset\random_dataset\06518.jpg";"polarbears"
"E:/dataset/random_dataset/06232.jpg";"..\..\dataset\random_dataset\06232.jpg";"polarbears"
"E:/dataset/random_dataset/02263.jpg";"..\..\dataset\random_dataset\02263.jpg";"polarbears"
"E:/dataset/random_dataset/02061.jpg";"..\..\dataset\random_dataset\02061.jpg";"polarbears"
"E:/dataset/random_dataset/04691.jpg";"..\..\dataset\random_dataset\04691.jpg";"polarbears"
"E:/dataset/random_dataset/03430.jpg";"..\..\dataset\random_dataset\03430.jpg";"polarbears"
"E:/dataset/random_dataset/02687.jpg";"..\..\dataset\random_dataset\02687.jpg";"polarbears"
"E:/dataset/random_dataset/06716.jpg";"..\..\dataset\random_dataset\06716.jpg";"polarbears"
"E:/dataset/random_dataset/02792.jpg";"..\..\dataset\random_dataset\02792.jpg";"polarbears"
"E:/dataset/random_dataset/08001.jpg";"..\..\dataset\random_dataset\08001.jpg";"polarbears"
"E:/dataset/random_dataset/05715.jpg";"..\..\dataset\random_dataset\05715.jpg";"polarbears"
"E:/dataset/random_dataset/07499.jpg";"..\..\dataset\random_dataset\07499.jpg";"polarbears"
"E:/dataset/random_dataset/07323.jpg";"..\..\dataset\random_dataset\07323.jpg";"polarbears"
"E:/dataset/random_dataset/02413.jpg";"..\..\dataset\random_dataset\02413.jpg";"polarbears"
"E:/dataset/random_dataset/03237.jpg";"..\..\dataset\random_dataset\03237.jpg";"polarbears"
"E:/dataset/random_dataset/04649.jpg";"..\..\dataset\random_dataset\04649.jpg";"polarbears"
"E:/dataset/random_dataset/07412.jpg";"..\..\dataset\random_dataset\07412.jpg";"polarbears"
"E:/dataset/random_dataset/01613.jpg";"..\..\dataset\random_dataset\01613.jpg";"polarbears"
"E:/dataset/random_dataset/06456.jpg";"..\..\dataset\random_dataset\06456.jpg";"polarbears"
"E:/dataset/random_dataset/00741.jpg";"..\..\dataset\random_dataset\00741.jpg";"polarbears"
"E:/dataset/random_dataset/05837.jpg";"..\..\dataset\random_dataset\05837.jpg";"polarbears"
"E:/dataset/random_dataset/03208.jpg";"..\..\dataset\random_dataset\03208.jpg";"polarbears"
"E:/dataset/random_dataset/02449.jpg";"..\..\dataset\random_dataset\02449.jpg";"polarbears"
"E:/dataset/random_dataset/08923.jpg";"..\..\dataset\random_dataset\08923.jpg";"polarbears"
"E:/dataset/random_dataset/08039.jpg";"..\..\dataset\random_dataset\08039.jpg";"polarbears"
"E:/dataset/random_dataset/09030.jpg";"..\..\dataset\random_dataset\09030.jpg";"polarbears"
"E:/dataset/random_dataset/08071.jpg";"..\..\dataset\random_dataset\08071.jpg";"polarbears"
"E:/dataset/random_dataset/05515.jpg";"..\..\dataset\random_dataset\05515.jpg";"polarbears"
"E:/dataset/random_dataset/01852.jpg";"..\..\dataset\random_dataset\01852.jpg";"polarbears"
"E:/dataset/random_dataset/00927.jpg";"..\..\dataset\random_dataset\00927.jpg";"polarbears"
"E:/dataset/random_dataset/00097.jpg";"..\..\dataset\random_dataset\00097.jpg";"polarbears"
"E:/dataset/random_dataset/08656.jpg";"..\..\dataset\random_dataset\08656.jpg";"polarbears"
"E:/dataset/random_dataset/00320.jpg";"..\..\dataset\random_dataset\00320.jpg";"polarbears"
"E:/dataset/random_dataset/05064.jpg";"..\..\dataset\random_dataset\05064.jpg";"polarbears"
"E:/dataset/random_dataset/07826.jpg";"..\..\dataset\random_dataset\07826.jpg";"polarbears"
"E:/dataset/random_dataset/08035.jpg";"..\..\dataset\random_dataset\08035.jpg";"polarbears"
"E:/dataset/random_dataset/05666.jpg";"..\..\dataset\random_dataset\05666.jpg";"polarbears"
"E:/dataset/random_dataset/09882.jpg";"..\..\dataset\random_dataset\09882.jpg";"polarbears"
"E:/dataset/random_dataset/05174.jpg";"..\..\dataset\random_dataset\05174.jpg";"polarbears"
"E:/dataset/random_dataset/02193.jpg";"..\..\dataset\random_dataset\02193.jpg";"polarbears"
"E:/dataset/random_dataset/02722.jpg";"..\..\dataset\random_dataset\02722.jpg";"polarbears"
"E:/dataset/random_dataset/03487.jpg";"..\..\dataset\random_dataset\03487.jpg";"polarbears"
"E:/dataset/random_dataset/06188.jpg";"..\..\dataset\random_dataset\06188.jpg";"polarbears"
"E:/dataset/random_dataset/06306.jpg";"..\..\dataset\random_dataset\06306.jpg";"polarbears"
"E:/dataset/random_dataset/06799.jpg";"..\..\dataset\random_dataset\06799.jpg";"polarbears"
"E:/dataset/random_dataset/06464.jpg";"..\..\dataset\random_dataset\06464.jpg";"polarbears"
"E:/dataset/random_dataset/02455.jpg";"..\..\dataset\random_dataset\02455.jpg";"polarbears"
"E:/dataset/random_dataset/00370.jpg";"..\..\dataset\random_dataset\00370.jpg";"polarbears"
"E:/dataset/random_dataset/04641.jpg";"..\..\dataset\random_dataset\04641.jpg";"polarbears"
"E:/dataset/random_dataset/00704.jpg";"..\..\dataset\random_dataset\00704.jpg";"polarbears"
"E:/dataset/random_dataset/08003.jpg";"..\..\dataset\random_dataset\08003.jpg";"polarbears"
"E:/dataset/random_dataset/06879.jpg";"..\..\dataset\random_dataset\06879.jpg";"polarbears"
"E:/dataset/random_dataset/04010.jpg";"..\..\dataset\random_dataset\04010.jpg";"polarbears"
"E:/dataset/random_dataset/06743.jpg";"..\..\dataset\random_dataset\06743.jpg";"polarbears"
"E:/dataset/random_dataset/02707.jpg";"..\..\dataset\random_dataset\02707.jpg";"polarbears"
"E:/dataset/random_dataset/03655.jpg";"..\..\dataset\random_dataset\03655.jpg";"polarbears"
"E:/dataset/random_dataset/09525.jpg";"..\..\dataset\random_dataset\09525.jpg";"polarbears"
"E:/dataset/random_dataset/07284.jpg";"..\..\dataset\random_dataset\07284.jpg";"polarbears"
"E:/dataset/random_dataset/01322.jpg";"..\..\dataset\random_dataset\01322.jpg";"polarbears"
"E:/dataset/random_dataset/04575.jpg";"..\..\dataset\random_dataset\04575.jpg";"polarbears"
"E:/dataset/random_dataset/08240.jpg";"..\..\dataset\random_dataset\08240.jpg";"polarbears"
"E:/dataset/random_dataset/04415.jpg";"..\..\dataset\random_dataset\04415.jpg";"polarbears"
"E:/dataset/random_dataset/02706.jpg";"..\..\dataset\random_dataset\02706.jpg";"polarbears"
"E:/dataset/random_dataset/03743.jpg";"..\..\dataset\random_dataset\03743.jpg";"polarbears"
"E:/dataset/random_dataset/03457.jpg";"..\..\dataset\random_dataset\03457.jpg";"polarbears"
"E:/dataset/random_dataset/09416.jpg";"..\..\dataset\random_dataset\09416.jpg";"polarbears"
"E:/dataset/random_dataset/07064.jpg";"..\..\dataset\random_dataset\07064.jpg";"polarbears"
"E:/dataset/random_dataset/01154.jpg";"..\..\dataset\random_dataset\01154.jpg";"polarbears"
"E:/dataset/random_dataset/09201.jpg";"..\..\dataset\random_dataset\09201.jpg";"polarbears"
"E:/dataset/random_dataset/06718.jpg";"..\..\dataset\random_dataset\06718.jpg";"polarbears"
"E:/dataset/random_dataset/09627.jpg";"..\..\dataset\random_dataset\09627.jpg";"polarbears"
"E:/dataset/random_dataset/02598.jpg";"..\..\dataset\random_dataset\02598.jpg";"polarbears"
"E:/dataset/random_dataset/01062.jpg";"..\..\dataset\random_dataset\01062.jpg";"polarbears"
"E:/dataset/random_dataset/01557.jpg";"..\..\dataset\random_dataset\01557.jpg";"polarbears"
"E:/dataset/random_dataset/00444.jpg";"..\..\dataset\random_dataset\00444.jpg";"polarbears"
"E:/dataset/random_dataset/04856.jpg";"..\..\dataset\random_dataset\04856.jpg";"polarbears"
"E:/dataset/random_dataset/09683.jpg";"..\..\dataset\random_dataset\09683.jpg";"polarbears"
"E:/dataset/random_dataset/02731.jpg";"..\..\dataset\random_dataset\02731.jpg";"polarbears"
"E:/dataset/random_dataset/02907.jpg";"..\..\dataset\random_dataset\02907.jpg";"polarbears"
"E:/dataset/random_dataset/02184.jpg";"..\..\dataset\random_dataset\02184.jpg";"polarbears"
"E:/dataset/random_dataset/01894.jpg";"..\..\dataset\random_dataset\01894.jpg";"polarbears"
"E:/dataset/random_dataset/08936.jpg";"..\..\dataset\random_dataset\08936.jpg";"polarbears"
"E:/dataset/random_dataset/09732.jpg";"..\..\dataset\random_dataset\09732.jpg";"polarbears"
"E:/dataset/random_dataset/09171.jpg";"..\..\dataset\random_dataset\09171.jpg";"polarbears"
"E:/dataset/random_dataset/08842.jpg";"..\..\dataset\random_dataset\08842.jpg";"polarbears"
"E:/dataset/random_dataset/01524.jpg";"..\..\dataset\random_dataset\01524.jpg";"polarbears"
"E:/dataset/random_dataset/03059.jpg";"..\..\dataset\random_dataset\03059.jpg";"polarbears"
"E:/dataset/random_dataset/07389.jpg";"..\..\dataset\random_dataset\07389.jpg";"polarbears"
"E:/dataset/random_dataset/05238.jpg";"..\..\dataset\random_dataset\05238.jpg";"polarbears"
"E:/dataset/random_dataset/03435.jpg";"..\..\dataset\random_dataset\03435.jpg";"polarbears"
"E:/dataset/random_dataset/06968.jpg";"..\..\dataset\random_dataset\06968.jpg";"polarbears"
"E:/dataset/random_dataset/05850.jpg";"..\..\dataset\random_dataset\05850.jpg";"polarbears"
"E:/dataset/random_dataset/09521.jpg";"..\..\dataset\random_dataset\09521.jpg";"polarbears"
"E:/dataset/random_dataset/00913.jpg";"..\..\dataset\random_dataset\00913.jpg";"polarbears"
"E:/dataset/random_dataset/08982.jpg";"..\..\dataset\random_dataset\08982.jpg";"polarbears"
"E:/dataset/random_dataset/08030.jpg";"..\..\dataset\random_dataset\08030.jpg";"polarbears"
"E:/dataset/random_dataset/03281.jpg";"..\..\dataset\random_dataset\03281.jpg";"polarbears"
"E:/dataset/random_dataset/01025.jpg";"..\..\dataset\random_dataset\01025.jpg";"polarbears"
"E:/dataset/random_dataset/08926.jpg";"..\..\dataset\random_dataset\08926.jpg";"polarbears"
"E:/dataset/random_dataset/06573.jpg";"..\..\dataset\random_dataset\06573.jpg";"polarbears"
"E:/dataset/random_dataset/09837.jpg";"..\..\dataset\random_dataset\09837.jpg";"polarbears"
"E:/dataset/random_dataset/00462.jpg";"..\..\dataset\random_dataset\00462.jpg";"polarbears"
"E:/dataset/random_dataset/03421.jpg";"..\..\dataset\random_dataset\03421.jpg";"polarbears"
"E:/dataset/random_dataset/02036.jpg";"..\..\dataset\random_dataset\02036.jpg";"polarbears"
"E:/dataset/random_dataset/04928.jpg";"..\..\dataset\random_dataset\04928.jpg";"polarbears"
"E:/dataset/random_dataset/08931.jpg";"..\..\dataset\random_dataset\08931.jpg";"polarbears"
"E:/dataset/random_dataset/07546.jpg";"..\..\dataset\random_dataset\07546.jpg";"polarbears"
"E:/dataset/random_dataset/03875.jpg";"..\..\dataset\random_dataset\03875.jpg";"polarbears"
"E:/dataset/random_dataset/00531.jpg";"..\..\dataset\random_dataset\00531.jpg";"polarbears"
"E:/dataset/random_dataset/08272.jpg";"..\..\dataset\random_dataset\08272.jpg";"polarbears"
"E:/dataset/random_dataset/04044.jpg";"..\..\dataset\random_dataset\04044.jpg";"polarbears"
"E:/dataset/random_dataset/09100.jpg";"..\..\dataset\random_dataset\09100.jpg";"polarbears"
"E:/dataset/random_dataset/03524.jpg";"..\..\dataset\random_dataset\03524.jpg";"polarbears"
"E:/dataset/random_dataset/01930.jpg";"..\..\dataset\random_dataset\01930.jpg";"polarbears"
"E:/dataset/random_dataset/01829.jpg";"..\..\dataset\random_dataset\01829.jpg";"polarbears"
"E:/dataset/random_dataset/09412.jpg";"..\..\dataset\random_dataset\09412.jpg";"polarbears"
"E:/dataset/random_dataset/08119.jpg";"..\..\dataset\random_dataset\08119.jpg";"polarbears"
"E:/dataset/random_dataset/08270.jpg";"..\..\dataset\random_dataset\08270.jpg";"polarbears"
"E:/dataset/random_dataset/06626.jpg";"..\..\dataset\random_dataset\06626.jpg";"polarbears"
"E:/dataset/random_dataset/01281.jpg";"..\..\dataset\random_dataset\01281.jpg";"polarbears"
"E:/dataset/random_dataset/00917.jpg";"..\..\dataset\random_dataset\00917.jpg";"polarbears"
"E:/dataset/random_dataset/00129.jpg";"..\..\dataset\random_dataset\00129.jpg";"polarbears"
"E:/dataset/random_dataset/00857.jpg";"..\..\dataset\random_dataset\00857.jpg";"polarbears"
"E:/dataset/random_dataset/02282.jpg";"..\..\dataset\random_dataset\02282.jpg";"polarbears"
"E:/dataset/random_dataset/05610.jpg";"..\..\dataset\random_dataset\05610.jpg";"polarbears"
"E:/dataset/random_dataset/01879.jpg";"..\..\dataset\random_dataset\01879.jpg";"polarbears"
"E:/dataset/random_dataset/05873.jpg";"..\..\dataset\random_dataset\05873.jpg";"polarbears"
"E:/dataset/random_dataset/05294.jpg";"..\..\dataset\random_dataset\05294.jpg";"polarbears"
"E:/dataset/random_dataset/09241.jpg";"..\..\dataset\random_dataset\09241.jpg";"polarbears"
"E:/dataset/random_dataset/06028.jpg";"..\..\dataset\random_dataset\06028.jpg";"polarbears"
"E:/dataset/random_dataset/04064.jpg";"..\..\dataset\random_dataset\04064.jpg";"polarbears"
"E:/dataset/random_dataset/01845.jpg";"..\..\dataset\random_dataset\01845.jpg";"polarbears"
"E:/dataset/random_dataset/02072.jpg";"..\..\dataset\random_dataset\02072.jpg";"polarbears"
"E:/dataset/random_dataset/08685.jpg";"..\..\dataset\random_dataset\08685.jpg";"polarbears"
"E:/dataset/random_dataset/02277.jpg";"..\..\dataset\random_dataset\02277.jpg";"polarbears"
"E:/dataset/random_dataset/01269.jpg";"..\..\dataset\random_dataset\01269.jpg";"polarbears"
"E:/dataset/random_dataset/06596.jpg";"..\..\dataset\random_dataset\06596.jpg";"polarbears"
"E:/dataset/random_dataset/09196.jpg";"..\..\dataset\random_dataset\09196.jpg";"polarbears"
"E:/dataset/random_dataset/01167.jpg";"..\..\dataset\random_dataset\01167.jpg";"polarbears"
"E:/dataset/random_dataset/01194.jpg";"..\..\dataset\random_dataset\01194.jpg";"polarbears"
"E:/dataset/random_dataset/04256.jpg";"..\..\dataset\random_dataset\04256.jpg";"polarbears"
"E:/dataset/random_dataset/01354.jpg";"..\..\dataset\random_dataset\01354.jpg";"polarbears"
"E:/dataset/random_dataset/00727.jpg";"..\..\dataset\random_dataset\00727.jpg";"polarbears"
"E:/dataset/random_dataset/08489.jpg";"..\..\dataset\random_dataset\08489.jpg";"polarbears"
"E:/dataset/random_dataset/04604.jpg";"..\..\dataset\random_dataset\04604.jpg";"polarbears"
"E:/dataset/random_dataset/03357.jpg";"..\..\dataset\random_dataset\03357.jpg";"polarbears"
"E:/dataset/random_dataset/03848.jpg";"..\..\dataset\random_dataset\03848.jpg";"polarbears"
"E:/dataset/random_dataset/00636.jpg";"..\..\dataset\random_dataset\00636.jpg";"polarbears"
"E:/dataset/random_dataset/02887.jpg";"..\..\dataset\random_dataset\02887.jpg";"polarbears"
"E:/dataset/random_dataset/09834.jpg";"..\..\dataset\random_dataset\09834.jpg";"polarbears"
"E:/dataset/random_dataset/03079.jpg";"..\..\dataset\random_dataset\03079.jpg";"polarbears"
"E:/dataset/random_dataset/00993.jpg";"..\..\dataset\random_dataset\00993.jpg";"polarbears"
"E:/dataset/random_dataset/04885.jpg";"..\..\dataset\random_dataset\04885.jpg";"polarbears"
"E:/dataset/random_dataset/00820.jpg";"..\..\dataset\random_dataset\00820.jpg";"polarbears"
"E:/dataset/random_dataset/03187.jpg";"..\..\dataset\random_dataset\03187.jpg";"polarbears"
"E:/dataset/random_dataset/01785.jpg";"..\..\dataset\random_dataset\01785.jpg";"polarbears"
"E:/dataset/random_dataset/02059.jpg";"..\..\dataset\random_dataset\02059.jpg";"polarbears"
"E:/dataset/random_dataset/09608.jpg";"..\..\dataset\random_dataset\09608.jpg";"polarbears"
"E:/dataset/random_dataset/08937.jpg";"..\..\dataset\random_dataset\08937.jpg";"polarbears"
"E:/dataset/random_dataset/03401.jpg";"..\..\dataset\random_dataset\03401.jpg";"polarbears"
"E:/dataset/random_dataset/07844.jpg";"..\..\dataset\random_dataset\07844.jpg";"polarbears"
"E:/dataset/random_dataset/06912.jpg";"..\..\dataset\random_dataset\06912.jpg";"polarbears"
"E:/dataset/random_dataset/09318.jpg";"..\..\dataset\random_dataset\09318.jpg";"polarbears"
"E:/dataset/random_dataset/04763.jpg";"..\..\dataset\random_dataset\04763.jpg";"polarbears"
"E:/dataset/random_dataset/08996.jpg";"..\..\dataset\random_dataset\08996.jpg";"polarbears"
"E:/dataset/random_dataset/02489.jpg";"..\..\dataset\random_dataset\02489.jpg";"polarbears"
"E:/dataset/random_dataset/03205.jpg";"..\..\dataset\random_dataset\03205.jpg";"polarbears"
"E:/dataset/random_dataset/09040.jpg";"..\..\dataset\random_dataset\09040.jpg";"polarbears"
"E:/dataset/random_dataset/02622.jpg";"..\..\dataset\random_dataset\02622.jpg";"polarbears"
"E:/dataset/random_dataset/05438.jpg";"..\..\dataset\random_dataset\05438.jpg";"polarbears"
"E:/dataset/random_dataset/00131.jpg";"..\..\dataset\random_dataset\00131.jpg";"polarbears"
"E:/dataset/random_dataset/04953.jpg";"..\..\dataset\random_dataset\04953.jpg";"polarbears"
"E:/dataset/random_dataset/01335.jpg";"..\..\dataset\random_dataset\01335.jpg";"polarbears"
"E:/dataset/random_dataset/09991.jpg";"..\..\dataset\random_dataset\09991.jpg";"polarbears"
"E:/dataset/random_dataset/07702.jpg";"..\..\dataset\random_dataset\07702.jpg";"polarbears"
"E:/dataset/random_dataset/05884.jpg";"..\..\dataset\random_dataset\05884.jpg";"polarbears"
"E:/dataset/random_dataset/08335.jpg";"..\..\dataset\random_dataset\08335.jpg";"polarbears"
"E:/dataset/random_dataset/01607.jpg";"..\..\dataset\random_dataset\01607.jpg";"polarbears"
"E:/dataset/random_dataset/00693.jpg";"..\..\dataset\random_dataset\00693.jpg";"polarbears"
"E:/dataset/random_dataset/07654.jpg";"..\..\dataset\random_dataset\07654.jpg";"polarbears"
"E:/dataset/random_dataset/01312.jpg";"..\..\dataset\random_dataset\01312.jpg";"polarbears"
"E:/dataset/random_dataset/01242.jpg";"..\..\dataset\random_dataset\01242.jpg";"polarbears"
"E:/dataset/random_dataset/04443.jpg";"..\..\dataset\random_dataset\04443.jpg";"polarbears"
"E:/dataset/random_dataset/04411.jpg";"..\..\dataset\random_dataset\04411.jpg";"polarbears"
"E:/dataset/random_dataset/04677.jpg";"..\..\dataset\random_dataset\04677.jpg";"polarbears"
"E:/dataset/random_dataset/08639.jpg";"..\..\dataset\random_dataset\08639.jpg";"polarbears"
"E:/dataset/random_dataset/05402.jpg";"..\..\dataset\random_dataset\05402.jpg";"polarbears"
"E:/dataset/random_dataset/02551.jpg";"..\..\dataset\random_dataset\02551.jpg";"polarbears"
"E:/dataset/random_dataset/07195.jpg";"..\..\dataset\random_dataset\07195.jpg";"polarbears"
"E:/dataset/random_dataset/02474.jpg";"..\..\dataset\random_dataset\02474.jpg";"polarbears"
"E:/dataset/random_dataset/07709.jpg";"..\..\dataset\random_dataset\07709.jpg";"polarbears"
"E:/dataset/random_dataset/03219.jpg";"..\..\dataset\random_dataset\03219.jpg";"polarbears"
"E:/dataset/random_dataset/09148.jpg";"..\..\dataset\random_dataset\09148.jpg";"polarbears"
"E:/dataset/random_dataset/05943.jpg";"..\..\dataset\random_dataset\05943.jpg";"polarbears"
"E:/dataset/random_dataset/04254.jpg";"..\..\dataset\random_dataset\04254.jpg";"polarbears"
"E:/dataset/random_dataset/03757.jpg";"..\..\dataset\random_dataset\03757.jpg";"polarbears"
"E:/dataset/random_dataset/01163.jpg";"..\..\dataset\random_dataset\01163.jpg";"polarbears"
"E:/dataset/random_dataset/05406.jpg";"..\..\dataset\random_dataset\05406.jpg";"polarbears"
"E:/dataset/random_dataset/01022.jpg";"..\..\dataset\random_dataset\01022.jpg";"polarbears"
"E:/dataset/random_dataset/04361.jpg";"..\..\dataset\random_dataset\04361.jpg";"polarbears"
"E:/dataset/random_dataset/08880.jpg";"..\..\dataset\random_dataset\08880.jpg";"polarbears"
"E:/dataset/random_dataset/01940.jpg";"..\..\dataset\random_dataset\01940.jpg";"polarbears"
"E:/dataset/random_dataset/06110.jpg";"..\..\dataset\random_dataset\06110.jpg";"polarbears"
"E:/dataset/random_dataset/03242.jpg";"..\..\dataset\random_dataset\03242.jpg";"polarbears"
"E:/dataset/random_dataset/08285.jpg";"..\..\dataset\random_dataset\08285.jpg";"polarbears"
"E:/dataset/random_dataset/00182.jpg";"..\..\dataset\random_dataset\00182.jpg";"polarbears"
"E:/dataset/random_dataset/04388.jpg";"..\..\dataset\random_dataset\04388.jpg";"polarbears"
"E:/dataset/random_dataset/07848.jpg";"..\..\dataset\random_dataset\07848.jpg";"polarbears"
"E:/dataset/random_dataset/05598.jpg";"..\..\dataset\random_dataset\05598.jpg";"polarbears"
"E:/dataset/random_dataset/07275.jpg";"..\..\dataset\random_dataset\07275.jpg";"polarbears"
"E:/dataset/random_dataset/04296.jpg";"..\..\dataset\random_dataset\04296.jpg";"polarbears"
"E:/dataset/random_dataset/08365.jpg";"..\..\dataset\random_dataset\08365.jpg";"polarbears"
"E:/dataset/random_dataset/03596.jpg";"..\..\dataset\random_dataset\03596.jpg";"polarbears"
"E:/dataset/random_dataset/05499.jpg";"..\..\dataset\random_dataset\05499.jpg";"polarbears"
"E:/dataset/random_dataset/09504.jpg";"..\..\dataset\random_dataset\09504.jpg";"polarbears"
"E:/dataset/random_dataset/00996.jpg";"..\..\dataset\random_dataset\00996.jpg";"polarbears"
"E:/dataset/random_dataset/08521.jpg";"..\..\dataset\random_dataset\08521.jpg";"polarbears"
"E:/dataset/random_dataset/09609.jpg";"..\..\dataset\random_dataset\09609.jpg";"polarbears"
"E:/dataset/random_dataset/00604.jpg";"..\..\dataset\random_dataset\00604.jpg";"polarbears"
"E:/dataset/random_dataset/02258.jpg";"..\..\dataset\random_dataset\02258.jpg";"polarbears"
"E:/dataset/random_dataset/06064.jpg";"..\..\dataset\random_dataset\06064.jpg";"polarbears"
"E:/dataset/random_dataset/04927.jpg";"..\..\dataset\random_dataset\04927.jpg";"polarbears"
"E:/dataset/random_dataset/05315.jpg";"..\..\dataset\random_dataset\05315.jpg";"polarbears"
"E:/dataset/random_dataset/00197.jpg";"..\..\dataset\random_dataset\00197.jpg";"polarbears"
"E:/dataset/random_dataset/06335.jpg";"..\..\dataset\random_dataset\06335.jpg";"polarbears"
"E:/dataset/random_dataset/00170.jpg";"..\..\dataset\random_dataset\00170.jpg";"polarbears"
"E:/dataset/random_dataset/02603.jpg";"..\..\dataset\random_dataset\02603.jpg";"polarbears"
"E:/dataset/random_dataset/03182.jpg";"..\..\dataset\random_dataset\03182.jpg";"polarbears"
"E:/dataset/random_dataset/09115.jpg";"..\..\dataset\random_dataset\09115.jpg";"polarbears"
"E:/dataset/random_dataset/08124.jpg";"..\..\dataset\random_dataset\08124.jpg";"polarbears"
"E:/dataset/random_dataset/04964.jpg";"..\..\dataset\random_dataset\04964.jpg";"polarbears"
"E:/dataset/random_dataset/00631.jpg";"..\..\dataset\random_dataset\00631.jpg";"polarbears"
"E:/dataset/random_dataset/02157.jpg";"..\..\dataset\random_dataset\02157.jpg";"polarbears"
"E:/dataset/random_dataset/02745.jpg";"..\..\dataset\random_dataset\02745.jpg";"polarbears"
"E:/dataset/random_dataset/05981.jpg";"..\..\dataset\random_dataset\05981.jpg";"polarbears"
"E:/dataset/random_dataset/01407.jpg";"..\..\dataset\random_dataset\01407.jpg";"polarbears"
"E:/dataset/random_dataset/06659.jpg";"..\..\dataset\random_dataset\06659.jpg";"polarbears"
"E:/dataset/random_dataset/07798.jpg";"..\..\dataset\random_dataset\07798.jpg";"polarbears"
"E:/dataset/random_dataset/09329.jpg";"..\..\dataset\random_dataset\09329.jpg";"polarbears"
"E:/dataset/random_dataset/09365.jpg";"..\..\dataset\random_dataset\09365.jpg";"polarbears"
"E:/dataset/random_dataset/02982.jpg";"..\..\dataset\random_dataset\02982.jpg";"polarbears"
"E:/dataset/random_dataset/06281.jpg";"..\..\dataset\random_dataset\06281.jpg";"polarbears"
"E:/dataset/random_dataset/05412.jpg";"..\..\dataset\random_dataset\05412.jpg";"polarbears"
"E:/dataset/random_dataset/05180.jpg";"..\..\dataset\random_dataset\05180.jpg";"polarbears"
"E:/dataset/random_dataset/08869.jpg";"..\..\dataset\random_dataset\08869.jpg";"polarbears"
"E:/dataset/random_dataset/09728.jpg";"..\..\dataset\random_dataset\09728.jpg";"polarbears"
"E:/dataset/random_dataset/03579.jpg";"..\..\dataset\random_dataset\03579.jpg";"polarbears"
"E:/dataset/random_dataset/09959.jpg";"..\..\dataset\random_dataset\09959.jpg";"polarbears"
"E:/dataset/random_dataset/00105.jpg";"..\..\dataset\random_dataset\00105.jpg";"polarbears"
"E:/dataset/random_dataset/07037.jpg";"..\..\dataset\random_dataset\07037.jpg";"polarbears"
"E:/dataset/random_dataset/06239.jpg";"..\..\dataset\random_dataset\06239.jpg";"polarbears"
"E:/dataset/random_dataset/02278.jpg";"..\..\dataset\random_dataset\02278.jpg";"polarbears"
"E:/dataset/random_dataset/01199.jpg";"..\..\dataset\random_dataset\01199.jpg";"polarbears"
"E:/dataset/random_dataset/03908.jpg";"..\..\dataset\random_dataset\03908.jpg";"polarbears"
"E:/dataset/random_dataset/00900.jpg";"..\..\dataset\random_dataset\00900.jpg";"polarbears"
"E:/dataset/random_dataset/09238.jpg";"..\..\dataset\random_dataset\09238.jpg";"polarbears"
"E:/dataset/random_dataset/04559.jpg";"..\..\dataset\random_dataset\04559.jpg";"polarbears"
"E:/dataset/random_dataset/03918.jpg";"..\..\dataset\random_dataset\03918.jpg";"polarbears"
"E:/dataset/random_dataset/03866.jpg";"..\..\dataset\random_dataset\03866.jpg";"polarbears"
"E:/dataset/random_dataset/01840.jpg";"..\..\dataset\random_dataset\01840.jpg";"polarbears"
"E:/dataset/random_dataset/07231.jpg";"..\..\dataset\random_dataset\07231.jpg";"polarbears"
"E:/dataset/random_dataset/08818.jpg";"..\..\dataset\random_dataset\08818.jpg";"polarbears"
"E:/dataset/random_dataset/01110.jpg";"..\..\dataset\random_dataset\01110.jpg";"polarbears"
"E:/dataset/random_dataset/03777.jpg";"..\..\dataset\random_dataset\03777.jpg";"polarbears"
"E:/dataset/random_dataset/01949.jpg";"..\..\dataset\random_dataset\01949.jpg";"polarbears"
"E:/dataset/random_dataset/00293.jpg";"..\..\dataset\random_dataset\00293.jpg";"polarbears"
"E:/dataset/random_dataset/03593.jpg";"..\..\dataset\random_dataset\03593.jpg";"polarbears"
"E:/dataset/random_dataset/05415.jpg";"..\..\dataset\random_dataset\05415.jpg";"polarbears"
"E:/dataset/random_dataset/09173.jpg";"..\..\dataset\random_dataset\09173.jpg";"polarbears"
"E:/dataset/random_dataset/06078.jpg";"..\..\dataset\random_dataset\06078.jpg";"polarbears"
"E:/dataset/random_dataset/04263.jpg";"..\..\dataset\random_dataset\04263.jpg";"polarbears"
"E:/dataset/random_dataset/03614.jpg";"..\..\dataset\random_dataset\03614.jpg";"polarbears"
"E:/dataset/random_dataset/04454.jpg";"..\..\dataset\random_dataset\04454.jpg";"polarbears"
"E:/dataset/random_dataset/07858.jpg";"..\..\dataset\random_dataset\07858.jpg";"polarbears"
"E:/dataset/random_dataset/00969.jpg";"..\..\dataset\random_dataset\00969.jpg";"polarbears"
"E:/dataset/random_dataset/04558.jpg";"..\..\dataset\random_dataset\04558.jpg";"polarbears"
"E:/dataset/random_dataset/06994.jpg";"..\..\dataset\random_dataset\06994.jpg";"polarbears"
"E:/dataset/random_dataset/00785.jpg";"..\..\dataset\random_dataset\00785.jpg";"polarbears"
"E:/dataset/random_dataset/02078.jpg";"..\..\dataset\random_dataset\02078.jpg";"polarbears"
"E:/dataset/random_dataset/09622.jpg";"..\..\dataset\random_dataset\09622.jpg";"polarbears"
"E:/dataset/random_dataset/02539.jpg";"..\..\dataset\random_dataset\02539.jpg";"polarbears"
"E:/dataset/random_dataset/00422.jpg";"..\..\dataset\random_dataset\00422.jpg";"polarbears"
"E:/dataset/random_dataset/04453.jpg";"..\..\dataset\random_dataset\04453.jpg";"polarbears"
"E:/dataset/random_dataset/06210.jpg";"..\..\dataset\random_dataset\06210.jpg";"polarbears"
"E:/dataset/random_dataset/04915.jpg";"..\..\dataset\random_dataset\04915.jpg";"polarbears"
"E:/dataset/random_dataset/01300.jpg";"..\..\dataset\random_dataset\01300.jpg";"polarbears"
"E:/dataset/random_dataset/06191.jpg";"..\..\dataset\random_dataset\06191.jpg";"polarbears"
"E:/dataset/random_dataset/00286.jpg";"..\..\dataset\random_dataset\00286.jpg";"polarbears"
"E:/dataset/random_dataset/05426.jpg";"..\..\dataset\random_dataset\05426.jpg";"polarbears"
"E:/dataset/random_dataset/05404.jpg";"..\..\dataset\random_dataset\05404.jpg";"polarbears"
"E:/dataset/random_dataset/09191.jpg";"..\..\dataset\random_dataset\09191.jpg";"polarbears"
"E:/dataset/random_dataset/09617.jpg";"..\..\dataset\random_dataset\09617.jpg";"polarbears"
"E:/dataset/random_dataset/07283.jpg";"..\..\dataset\random_dataset\07283.jpg";"polarbears"
"E:/dataset/random_dataset/04156.jpg";"..\..\dataset\random_dataset\04156.jpg";"polarbears"
"E:/dataset/random_dataset/09849.jpg";"..\..\dataset\random_dataset\09849.jpg";"polarbears"
"E:/dataset/random_dataset/02996.jpg";"..\..\dataset\random_dataset\02996.jpg";"polarbears"
"E:/dataset/random_dataset/03532.jpg";"..\..\dataset\random_dataset\03532.jpg";"polarbears"
"E:/dataset/random_dataset/07454.jpg";"..\..\dataset\random_dataset\07454.jpg";"polarbears"
"E:/dataset/random_dataset/04232.jpg";"..\..\dataset\random_dataset\04232.jpg";"polarbears"
"E:/dataset/random_dataset/00093.jpg";"..\..\dataset\random_dataset\00093.jpg";"polarbears"
"E:/dataset/random_dataset/00283.jpg";"..\..\dataset\random_dataset\00283.jpg";"polarbears"
"E:/dataset/random_dataset/04660.jpg";"..\..\dataset\random_dataset\04660.jpg";"polarbears"
"E:/dataset/random_dataset/02607.jpg";"..\..\dataset\random_dataset\02607.jpg";"polarbears"
"E:/dataset/random_dataset/01165.jpg";"..\..\dataset\random_dataset\01165.jpg";"polarbears"
"E:/dataset/random_dataset/08892.jpg";"..\..\dataset\random_dataset\08892.jpg";"polarbears"
"E:/dataset/random_dataset/05587.jpg";"..\..\dataset\random_dataset\05587.jpg";"polarbears"
"E:/dataset/random_dataset/03373.jpg";"..\..\dataset\random_dataset\03373.jpg";"polarbears"
"E:/dataset/random_dataset/01180.jpg";"..\..\dataset\random_dataset\01180.jpg";"polarbears"
"E:/dataset/random_dataset/09256.jpg";"..\..\dataset\random_dataset\09256.jpg";"polarbears"
"E:/dataset/random_dataset/07664.jpg";"..\..\dataset\random_dataset\07664.jpg";"polarbears"
"E:/dataset/random_dataset/04476.jpg";"..\..\dataset\random_dataset\04476.jpg";"polarbears"
"E:/dataset/random_dataset/07063.jpg";"..\..\dataset\random_dataset\07063.jpg";"polarbears"
"E:/dataset/random_dataset/03978.jpg";"..\..\dataset\random_dataset\03978.jpg";"polarbears"
"E:/dataset/random_dataset/07188.jpg";"..\..\dataset\random_dataset\07188.jpg";"polarbears"
"E:/dataset/random_dataset/06740.jpg";"..\..\dataset\random_dataset\06740.jpg";"polarbears"
"E:/dataset/random_dataset/09891.jpg";"..\..\dataset\random_dataset\09891.jpg";"polarbears"
"E:/dataset/random_dataset/04551.jpg";"..\..\dataset\random_dataset\04551.jpg";"polarbears"
"E:/dataset/random_dataset/01807.jpg";"..\..\dataset\random_dataset\01807.jpg";"polarbears"
"E:/dataset/random_dataset/09230.jpg";"..\..\dataset\random_dataset\09230.jpg";"polarbears"
"E:/dataset/random_dataset/01003.jpg";"..\..\dataset\random_dataset\01003.jpg";"polarbears"
"E:/dataset/random_dataset/08619.jpg";"..\..\dataset\random_dataset\08619.jpg";"polarbears"
"E:/dataset/random_dataset/02188.jpg";"..\..\dataset\random_dataset\02188.jpg";"polarbears"
"E:/dataset/random_dataset/05618.jpg";"..\..\dataset\random_dataset\05618.jpg";"polarbears"
"E:/dataset/random_dataset/07946.jpg";"..\..\dataset\random_dataset\07946.jpg";"polarbears"
"E:/dataset/random_dataset/08394.jpg";"..\..\dataset\random_dataset\08394.jpg";"polarbears"
"E:/dataset/random_dataset/09212.jpg";"..\..\dataset\random_dataset\09212.jpg";"polarbears"
"E:/dataset/random_dataset/04531.jpg";"..\..\dataset\random_dataset\04531.jpg";"polarbears"
"E:/dataset/random_dataset/06818.jpg";"..\..\dataset\random_dataset\06818.jpg";"polarbears"
"E:/dataset/random_dataset/00809.jpg";"..\..\dataset\random_dataset\00809.jpg";"polarbears"
"E:/dataset/random_dataset/03306.jpg";"..\..\dataset\random_dataset\03306.jpg";"polarbears"
"E:/dataset/random_dataset/08715.jpg";"..\..\dataset\random_dataset\08715.jpg";"polarbears"
"E:/dataset/random_dataset/04683.jpg";"..\..\dataset\random_dataset\04683.jpg";"polarbears"
"E:/dataset/random_dataset/06757.jpg";"..\..\dataset\random_dataset\06757.jpg";"polarbears"
"E:/dataset/random_dataset/06258.jpg";"..\..\dataset\random_dataset\06258.jpg";"polarbears"
"E:/dataset/random_dataset/07986.jpg";"..\..\dataset\random_dataset\07986.jpg";"polarbears"
"E:/dataset/random_dataset/03245.jpg";"..\..\dataset\random_dataset\03245.jpg";"polarbears"
"E:/dataset/random_dataset/08688.jpg";"..\..\dataset\random_dataset\08688.jpg";"polarbears"
"E:/dataset/random_dataset/00334.jpg";"..\..\dataset\random_dataset\00334.jpg";"polarbears"
"E:/dataset/random_dataset/06218.jpg";"..\..\dataset\random_dataset\06218.jpg";"polarbears"
"E:/dataset/random_dataset/09758.jpg";"..\..\dataset\random_dataset\09758.jpg";"polarbears"
"E:/dataset/random_dataset/07933.jpg";"..\..\dataset\random_dataset\07933.jpg";"polarbears"
"E:/dataset/random_dataset/08052.jpg";"..\..\dataset\random_dataset\08052.jpg";"polarbears"
"E:/dataset/random_dataset/08851.jpg";"..\..\dataset\random_dataset\08851.jpg";"polarbears"
"E:/dataset/random_dataset/08671.jpg";"..\..\dataset\random_dataset\08671.jpg";"polarbears"
"E:/dataset/random_dataset/04354.jpg";"..\..\dataset\random_dataset\04354.jpg";"polarbears"
"E:/dataset/random_dataset/09409.jpg";"..\..\dataset\random_dataset\09409.jpg";"polarbears"
"E:/dataset/random_dataset/05523.jpg";"..\..\dataset\random_dataset\05523.jpg";"polarbears"
"E:/dataset/random_dataset/00488.jpg";"..\..\dataset\random_dataset\00488.jpg";"polarbears"
"E:/dataset/random_dataset/01571.jpg";"..\..\dataset\random_dataset\01571.jpg";"polarbears"
"E:/dataset/random_dataset/07633.jpg";"..\..\dataset\random_dataset\07633.jpg";"polarbears"
"E:/dataset/random_dataset/06237.jpg";"..\..\dataset\random_dataset\06237.jpg";"polarbears"
"E:/dataset/random_dataset/02443.jpg";"..\..\dataset\random_dataset\02443.jpg";"polarbears"
"E:/dataset/random_dataset/06395.jpg";"..\..\dataset\random_dataset\06395.jpg";"polarbears"
"E:/dataset/random_dataset/09096.jpg";"..\..\dataset\random_dataset\09096.jpg";"polarbears"
"E:/dataset/random_dataset/00547.jpg";"..\..\dataset\random_dataset\00547.jpg";"polarbears"
"E:/dataset/random_dataset/04393.jpg";"..\..\dataset\random_dataset\04393.jpg";"polarbears"
"E:/dataset/random_dataset/09990.jpg";"..\..\dataset\random_dataset\09990.jpg";"polarbears"
"E:/dataset/random_dataset/02116.jpg";"..\..\dataset\random_dataset\02116.jpg";"polarbears"
"E:/dataset/random_dataset/03852.jpg";"..\..\dataset\random_dataset\03852.jpg";"polarbears"
"E:/dataset/random_dataset/02760.jpg";"..\..\dataset\random_dataset\02760.jpg";"polarbears"
"E:/dataset/random_dataset/08060.jpg";"..\..\dataset\random_dataset\08060.jpg";"polarbears"
"E:/dataset/random_dataset/08899.jpg";"..\..\dataset\random_dataset\08899.jpg";"polarbears"
"E:/dataset/random_dataset/01718.jpg";"..\..\dataset\random_dataset\01718.jpg";"polarbears"
"E:/dataset/random_dataset/08289.jpg";"..\..\dataset\random_dataset\08289.jpg";"polarbears"
"E:/dataset/random_dataset/06307.jpg";"..\..\dataset\random_dataset\06307.jpg";"polarbears"
"E:/dataset/random_dataset/00614.jpg";"..\..\dataset\random_dataset\00614.jpg";"polarbears"
"E:/dataset/random_dataset/03810.jpg";"..\..\dataset\random_dataset\03810.jpg";"polarbears"
"E:/dataset/random_dataset/05273.jpg";"..\..\dataset\random_dataset\05273.jpg";"polarbears"
"E:/dataset/random_dataset/05723.jpg";"..\..\dataset\random_dataset\05723.jpg";"polarbears"
"E:/dataset/random_dataset/06389.jpg";"..\..\dataset\random_dataset\06389.jpg";"polarbears"
"E:/dataset/random_dataset/06693.jpg";"..\..\dataset\random_dataset\06693.jpg";"polarbears"
"E:/dataset/random_dataset/05934.jpg";"..\..\dataset\random_dataset\05934.jpg";"polarbears"
"E:/dataset/random_dataset/03463.jpg";"..\..\dataset\random_dataset\03463.jpg";"polarbears"
"E:/dataset/random_dataset/06618.jpg";"..\..\dataset\random_dataset\06618.jpg";"polarbears"
"E:/dataset/random_dataset/02857.jpg";"..\..\dataset\random_dataset\02857.jpg";"polarbears"
"E:/dataset/random_dataset/02558.jpg";"..\..\dataset\random_dataset\02558.jpg";"polarbears"
"E:/dataset/random_dataset/01519.jpg";"..\..\dataset\random_dataset\01519.jpg";"polarbears"
"E:/dataset/random_dataset/04846.jpg";"..\..\dataset\random_dataset\04846.jpg";"polarbears"
"E:/dataset/random_dataset/04242.jpg";"..\..\dataset\random_dataset\04242.jpg";"polarbears"
"E:/dataset/random_dataset/06382.jpg";"..\..\dataset\random_dataset\06382.jpg";"polarbears"
"E:/dataset/random_dataset/06695.jpg";"..\..\dataset\random_dataset\06695.jpg";"polarbears"
"E:/dataset/random_dataset/05932.jpg";"..\..\dataset\random_dataset\05932.jpg";"polarbears"
"E:/dataset/random_dataset/00711.jpg";"..\..\dataset\random_dataset\00711.jpg";"polarbears"
"E:/dataset/random_dataset/09573.jpg";"..\..\dataset\random_dataset\09573.jpg";"polarbears"
"E:/dataset/random_dataset/08529.jpg";"..\..\dataset\random_dataset\08529.jpg";"polarbears"
"E:/dataset/random_dataset/09149.jpg";"..\..\dataset\random_dataset\09149.jpg";"polarbears"
"E:/dataset/random_dataset/06811.jpg";"..\..\dataset\random_dataset\06811.jpg";"polarbears"
"E:/dataset/random_dataset/01881.jpg";"..\..\dataset\random_dataset\01881.jpg";"polarbears"
"E:/dataset/random_dataset/06196.jpg";"..\..\dataset\random_dataset\06196.jpg";"polarbears"
"E:/dataset/random_dataset/05653.jpg";"..\..\dataset\random_dataset\05653.jpg";"polarbears"
"E:/dataset/random_dataset/09874.jpg";"..\..\dataset\random_dataset\09874.jpg";"polarbears"
"E:/dataset/random_dataset/09264.jpg";"..\..\dataset\random_dataset\09264.jpg";"polarbears"
"E:/dataset/random_dataset/03652.jpg";"..\..\dataset\random_dataset\03652.jpg";"polarbears"
"E:/dataset/random_dataset/06608.jpg";"..\..\dataset\random_dataset\06608.jpg";"polarbears"
"E:/dataset/random_dataset/00324.jpg";"..\..\dataset\random_dataset\00324.jpg";"polarbears"
"E:/dataset/random_dataset/01150.jpg";"..\..\dataset\random_dataset\01150.jpg";"polarbears"
"E:/dataset/random_dataset/01449.jpg";"..\..\dataset\random_dataset\01449.jpg";"polarbears"
"E:/dataset/random_dataset/03937.jpg";"..\..\dataset\random_dataset\03937.jpg";"polarbears"
"E:/dataset/random_dataset/02624.jpg";"..\..\dataset\random_dataset\02624.jpg";"polarbears"
"E:/dataset/random_dataset/09211.jpg";"..\..\dataset\random_dataset\09211.jpg";"polarbears"
"E:/dataset/random_dataset/09453.jpg";"..\..\dataset\random_dataset\09453.jpg";"polarbears"
"E:/dataset/random_dataset/04054.jpg";"..\..\dataset\random_dataset\04054.jpg";"polarbears"
"E:/dataset/random_dataset/02105.jpg";"..\..\dataset\random_dataset\02105.jpg";"polarbears"
"E:/dataset/random_dataset/00270.jpg";"..\..\dataset\random_dataset\00270.jpg";"polarbears"
"E:/dataset/random_dataset/02419.jpg";"..\..\dataset\random_dataset\02419.jpg";"polarbears"
"E:/dataset/random_dataset/02026.jpg";"..\..\dataset\random_dataset\02026.jpg";"polarbears"
"E:/dataset/random_dataset/00230.jpg";"..\..\dataset\random_dataset\00230.jpg";"polarbears"
"E:/dataset/random_dataset/01649.jpg";"..\..\dataset\random_dataset\01649.jpg";"polarbears"
"E:/dataset/random_dataset/03258.jpg";"..\..\dataset\random_dataset\03258.jpg";"polarbears"
"E:/dataset/random_dataset/07542.jpg";"..\..\dataset\random_dataset\07542.jpg";"polarbears"
"E:/dataset/random_dataset/04762.jpg";"..\..\dataset\random_dataset\04762.jpg";"polarbears"
"E:/dataset/random_dataset/09355.jpg";"..\..\dataset\random_dataset\09355.jpg";"polarbears"
"E:/dataset/random_dataset/09041.jpg";"..\..\dataset\random_dataset\09041.jpg";"polarbears"
"E:/dataset/random_dataset/02981.jpg";"..\..\dataset\random_dataset\02981.jpg";"polarbears"
"E:/dataset/random_dataset/07595.jpg";"..\..\dataset\random_dataset\07595.jpg";"polarbears"
"E:/dataset/random_dataset/09509.jpg";"..\..\dataset\random_dataset\09509.jpg";"polarbears"
"E:/dataset/random_dataset/00784.jpg";"..\..\dataset\random_dataset\00784.jpg";"polarbears"
"E:/dataset/random_dataset/04272.jpg";"..\..\dataset\random_dataset\04272.jpg";"polarbears"
"E:/dataset/random_dataset/03256.jpg";"..\..\dataset\random_dataset\03256.jpg";"polarbears"
"E:/dataset/random_dataset/00247.jpg";"..\..\dataset\random_dataset\00247.jpg";"polarbears"
"E:/dataset/random_dataset/08280.jpg";"..\..\dataset\random_dataset\08280.jpg";"polarbears"
"E:/dataset/random_dataset/03418.jpg";"..\..\dataset\random_dataset\03418.jpg";"polarbears"
"E:/dataset/random_dataset/07769.jpg";"..\..\dataset\random_dataset\07769.jpg";"polarbears"
"E:/dataset/random_dataset/07550.jpg";"..\..\dataset\random_dataset\07550.jpg";"polarbears"
"E:/dataset/random_dataset/00680.jpg";"..\..\dataset\random_dataset\00680.jpg";"polarbears"
"E:/dataset/random_dataset/04853.jpg";"..\..\dataset\random_dataset\04853.jpg";"polarbears"
"E:/dataset/random_dataset/07570.jpg";"..\..\dataset\random_dataset\07570.jpg";"polarbears"
"E:/dataset/random_dataset/09047.jpg";"..\..\dataset\random_dataset\09047.jpg";"polarbears"
"E:/dataset/random_dataset/06283.jpg";"..\..\dataset\random_dataset\06283.jpg";"polarbears"
"E:/dataset/random_dataset/08193.jpg";"..\..\dataset\random_dataset\08193.jpg";"polarbears"
"E:/dataset/random_dataset/08934.jpg";"..\..\dataset\random_dataset\08934.jpg";"polarbears"
"E:/dataset/random_dataset/04062.jpg";"..\..\dataset\random_dataset\04062.jpg";"polarbears"
"E:/dataset/random_dataset/05536.jpg";"..\..\dataset\random_dataset\05536.jpg";"polarbears"
"E:/dataset/random_dataset/07738.jpg";"..\..\dataset\random_dataset\07738.jpg";"polarbears"
"E:/dataset/random_dataset/09518.jpg";"..\..\dataset\random_dataset\09518.jpg";"polarbears"
"E:/dataset/random_dataset/08860.jpg";"..\..\dataset\random_dataset\08860.jpg";"polarbears"
"E:/dataset/random_dataset/07865.jpg";"..\..\dataset\random_dataset\07865.jpg";"polarbears"
"E:/dataset/random_dataset/01577.jpg";"..\..\dataset\random_dataset\01577.jpg";"polarbears"
"E:/dataset/random_dataset/02292.jpg";"..\..\dataset\random_dataset\02292.jpg";"polarbears"
"E:/dataset/random_dataset/00216.jpg";"..\..\dataset\random_dataset\00216.jpg";"polarbears"
"E:/dataset/random_dataset/06368.jpg";"..\..\dataset\random_dataset\06368.jpg";"polarbears"
"E:/dataset/random_dataset/04132.jpg";"..\..\dataset\random_dataset\04132.jpg";"polarbears"
"E:/dataset/random_dataset/06755.jpg";"..\..\dataset\random_dataset\06755.jpg";"polarbears"
"E:/dataset/random_dataset/01598.jpg";"..\..\dataset\random_dataset\01598.jpg";"polarbears"
"E:/dataset/random_dataset/04220.jpg";"..\..\dataset\random_dataset\04220.jpg";"polarbears"
"E:/dataset/random_dataset/08933.jpg";"..\..\dataset\random_dataset\08933.jpg";"polarbears"
"E:/dataset/random_dataset/03063.jpg";"..\..\dataset\random_dataset\03063.jpg";"polarbears"
"E:/dataset/random_dataset/00985.jpg";"..\..\dataset\random_dataset\00985.jpg";"polarbears"
"E:/dataset/random_dataset/08320.jpg";"..\..\dataset\random_dataset\08320.jpg";"polarbears"
"E:/dataset/random_dataset/00888.jpg";"..\..\dataset\random_dataset\00888.jpg";"polarbears"
"E:/dataset/random_dataset/04290.jpg";"..\..\dataset\random_dataset\04290.jpg";"polarbears"
"E:/dataset/random_dataset/09500.jpg";"..\..\dataset\random_dataset\09500.jpg";"polarbears"
"E:/dataset/random_dataset/05440.jpg";"..\..\dataset\random_dataset\05440.jpg";"polarbears"
"E:/dataset/random_dataset/03183.jpg";"..\..\dataset\random_dataset\03183.jpg";"polarbears"
"E:/dataset/random_dataset/03413.jpg";"..\..\dataset\random_dataset\03413.jpg";"polarbears"
"E:/dataset/random_dataset/05570.jpg";"..\..\dataset\random_dataset\05570.jpg";"polarbears"
"E:/dataset/random_dataset/08249.jpg";"..\..\dataset\random_dataset\08249.jpg";"polarbears"
"E:/dataset/random_dataset/06521.jpg";"..\..\dataset\random_dataset\06521.jpg";"polarbears"
"E:/dataset/random_dataset/02897.jpg";"..\..\dataset\random_dataset\02897.jpg";"polarbears"
"E:/dataset/random_dataset/09811.jpg";"..\..\dataset\random_dataset\09811.jpg";"polarbears"
"E:/dataset/random_dataset/00037.jpg";"..\..\dataset\random_dataset\00037.jpg";"polarbears"
"E:/dataset/random_dataset/09880.jpg";"..\..\dataset\random_dataset\09880.jpg";"polarbears"
"E:/dataset/random_dataset/06054.jpg";"..\..\dataset\random_dataset\06054.jpg";"polarbears"
"E:/dataset/random_dataset/08823.jpg";"..\..\dataset\random_dataset\08823.jpg";"polarbears"
"E:/dataset/random_dataset/07634.jpg";"..\..\dataset\random_dataset\07634.jpg";"polarbears"
"E:/dataset/random_dataset/08787.jpg";"..\..\dataset\random_dataset\08787.jpg";"polarbears"
"E:/dataset/random_dataset/04502.jpg";"..\..\dataset\random_dataset\04502.jpg";"polarbears"
"E:/dataset/random_dataset/02586.jpg";"..\..\dataset\random_dataset\02586.jpg";"polarbears"
"E:/dataset/random_dataset/00332.jpg";"..\..\dataset\random_dataset\00332.jpg";"polarbears"
"E:/dataset/random_dataset/05726.jpg";"..\..\dataset\random_dataset\05726.jpg";"polarbears"
"E:/dataset/random_dataset/01495.jpg";"..\..\dataset\random_dataset\01495.jpg";"polarbears"
"E:/dataset/random_dataset/01125.jpg";"..\..\dataset\random_dataset\01125.jpg";"polarbears"
"E:/dataset/random_dataset/04028.jpg";"..\..\dataset\random_dataset\04028.jpg";"polarbears"
"E:/dataset/random_dataset/01112.jpg";"..\..\dataset\random_dataset\01112.jpg";"polarbears"
"E:/dataset/random_dataset/05481.jpg";"..\..\dataset\random_dataset\05481.jpg";"polarbears"
"E:/dataset/random_dataset/06474.jpg";"..\..\dataset\random_dataset\06474.jpg";"polarbears"
"E:/dataset/random_dataset/09541.jpg";"..\..\dataset\random_dataset\09541.jpg";"polarbears"
"E:/dataset/random_dataset/09310.jpg";"..\..\dataset\random_dataset\09310.jpg";"polarbears"
"E:/dataset/random_dataset/05162.jpg";"..\..\dataset\random_dataset\05162.jpg";"polarbears"
"E:/dataset/random_dataset/06653.jpg";"..\..\dataset\random_dataset\06653.jpg";"polarbears"
"E:/dataset/random_dataset/02279.jpg";"..\..\dataset\random_dataset\02279.jpg";"polarbears"
"E:/dataset/random_dataset/05518.jpg";"..\..\dataset\random_dataset\05518.jpg";"polarbears"
"E:/dataset/random_dataset/01733.jpg";"..\..\dataset\random_dataset\01733.jpg";"polarbears"
"E:/dataset/random_dataset/00393.jpg";"..\..\dataset\random_dataset\00393.jpg";"polarbears"
"E:/dataset/random_dataset/02780.jpg";"..\..\dataset\random_dataset\02780.jpg";"polarbears"
"E:/dataset/random_dataset/06619.jpg";"..\..\dataset\random_dataset\06619.jpg";"polarbears"
"E:/dataset/random_dataset/09649.jpg";"..\..\dataset\random_dataset\09649.jpg";"polarbears"
"E:/dataset/random_dataset/02117.jpg";"..\..\dataset\random_dataset\02117.jpg";"polarbears"
"E:/dataset/random_dataset/09753.jpg";"..\..\dataset\random_dataset\09753.jpg";"polarbears"
"E:/dataset/random_dataset/09177.jpg";"..\..\dataset\random_dataset\09177.jpg";"polarbears"
"E:/dataset/random_dataset/09371.jpg";"..\..\dataset\random_dataset\09371.jpg";"polarbears"
"E:/dataset/random_dataset/08486.jpg";"..\..\dataset\random_dataset\08486.jpg";"polarbears"
"E:/dataset/random_dataset/08019.jpg";"..\..\dataset\random_dataset\08019.jpg";"polarbears"
"E:/dataset/random_dataset/05880.jpg";"..\..\dataset\random_dataset\05880.jpg";"polarbears"
"E:/dataset/random_dataset/06414.jpg";"..\..\dataset\random_dataset\06414.jpg";"polarbears"
"E:/dataset/random_dataset/05311.jpg";"..\..\dataset\random_dataset\05311.jpg";"polarbears"
"E:/dataset/random_dataset/05423.jpg";"..\..\dataset\random_dataset\05423.jpg";"polarbears"
"E:/dataset/random_dataset/00232.jpg";"..\..\dataset\random_dataset\00232.jpg";"polarbears"
"E:/dataset/random_dataset/02592.jpg";"..\..\dataset\random_dataset\02592.jpg";"polarbears"
"E:/dataset/random_dataset/04404.jpg";"..\..\dataset\random_dataset\04404.jpg";"polarbears"
"E:/dataset/random_dataset/09067.jpg";"..\..\dataset\random_dataset\09067.jpg";"polarbears"
"E:/dataset/random_dataset/02613.jpg";"..\..\dataset\random_dataset\02613.jpg";"polarbears"
"E:/dataset/random_dataset/01007.jpg";"..\..\dataset\random_dataset\01007.jpg";"polarbears"
"E:/dataset/random_dataset/07348.jpg";"..\..\dataset\random_dataset\07348.jpg";"polarbears"
"E:/dataset/random_dataset/01897.jpg";"..\..\dataset\random_dataset\01897.jpg";"polarbears"
"E:/dataset/random_dataset/06329.jpg";"..\..\dataset\random_dataset\06329.jpg";"polarbears"
"E:/dataset/random_dataset/07817.jpg";"..\..\dataset\random_dataset\07817.jpg";"polarbears"
"E:/dataset/random_dataset/02488.jpg";"..\..\dataset\random_dataset\02488.jpg";"polarbears"
